-- phpMyAdmin SQL Dump
-- version 4.8.4
-- https://www.phpmyadmin.net/
--
-- Host: 127.0.0.1:3306
-- Generation Time: Aug 27, 2019 at 12:03 PM
-- Server version: 5.7.24
-- PHP Version: 7.3.1

SET SQL_MODE = "NO_AUTO_VALUE_ON_ZERO";
SET AUTOCOMMIT = 0;
START TRANSACTION;
SET time_zone = "+00:00";


/*!40101 SET @OLD_CHARACTER_SET_CLIENT=@@CHARACTER_SET_CLIENT */;
/*!40101 SET @OLD_CHARACTER_SET_RESULTS=@@CHARACTER_SET_RESULTS */;
/*!40101 SET @OLD_COLLATION_CONNECTION=@@COLLATION_CONNECTION */;
/*!40101 SET NAMES utf8mb4 */;

--
-- Database: `laravel_restfulecomm`
--

-- --------------------------------------------------------

--
-- Table structure for table `migrations`
--

DROP TABLE IF EXISTS `migrations`;
CREATE TABLE IF NOT EXISTS `migrations` (
  `id` int(10) UNSIGNED NOT NULL AUTO_INCREMENT,
  `migration` varchar(255) COLLATE utf8mb4_unicode_ci NOT NULL,
  `batch` int(11) NOT NULL,
  PRIMARY KEY (`id`)
) ENGINE=InnoDB AUTO_INCREMENT=5 DEFAULT CHARSET=utf8mb4 COLLATE=utf8mb4_unicode_ci;

--
-- Dumping data for table `migrations`
--

INSERT INTO `migrations` (`id`, `migration`, `batch`) VALUES
(1, '2014_10_12_000000_create_users_table', 1),
(2, '2014_10_12_100000_create_password_resets_table', 1),
(3, '2019_08_27_103531_create_products_table', 1),
(4, '2019_08_27_103716_create_reviews_table', 1);

-- --------------------------------------------------------

--
-- Table structure for table `password_resets`
--

DROP TABLE IF EXISTS `password_resets`;
CREATE TABLE IF NOT EXISTS `password_resets` (
  `email` varchar(255) COLLATE utf8mb4_unicode_ci NOT NULL,
  `token` varchar(255) COLLATE utf8mb4_unicode_ci NOT NULL,
  `created_at` timestamp NULL DEFAULT NULL,
  KEY `password_resets_email_index` (`email`)
) ENGINE=InnoDB DEFAULT CHARSET=utf8mb4 COLLATE=utf8mb4_unicode_ci;

-- --------------------------------------------------------

--
-- Table structure for table `products`
--

DROP TABLE IF EXISTS `products`;
CREATE TABLE IF NOT EXISTS `products` (
  `id` bigint(20) UNSIGNED NOT NULL AUTO_INCREMENT,
  `name` varchar(255) COLLATE utf8mb4_unicode_ci NOT NULL,
  `details` text COLLATE utf8mb4_unicode_ci NOT NULL,
  `price` double(8,2) NOT NULL,
  `stock` int(11) NOT NULL,
  `discount` int(11) NOT NULL,
  `created_at` timestamp NULL DEFAULT NULL,
  `updated_at` timestamp NULL DEFAULT NULL,
  PRIMARY KEY (`id`)
) ENGINE=InnoDB AUTO_INCREMENT=51 DEFAULT CHARSET=utf8mb4 COLLATE=utf8mb4_unicode_ci;

--
-- Dumping data for table `products`
--

INSERT INTO `products` (`id`, `name`, `details`, `price`, `stock`, `discount`, `created_at`, `updated_at`) VALUES
(1, 'consequatur', 'Quis ab rerum rerum est repudiandae. Inventore excepturi et est iure qui autem sunt. Rerum deserunt vero error. Itaque dolorum et animi odit quam.', 1651.00, 5, 24, '2019-08-27 08:48:50', '2019-08-27 08:48:50'),
(2, 'qui', 'Modi aut occaecati aspernatur doloremque voluptates et ex occaecati. Quos earum dolor est autem. Ut necessitatibus numquam consequuntur ipsam. Dolorum a ut totam mollitia.', 606.00, 6, 37, '2019-08-27 08:48:50', '2019-08-27 08:48:50'),
(3, 'quidem', 'Molestias repellendus dolorem quasi ullam iure fugiat. Excepturi sapiente et dolorem impedit necessitatibus ut itaque. Voluptas cupiditate similique voluptatem sint id.', 1755.00, 5, 27, '2019-08-27 08:48:50', '2019-08-27 08:48:50'),
(4, 'deserunt', 'Sequi aut est et aliquam expedita distinctio. Qui dolorum et sint occaecati ad hic eos. Ut consequatur rerum et ex ipsum dicta.', 736.00, 5, 4, '2019-08-27 08:48:50', '2019-08-27 08:48:50'),
(5, 'eligendi', 'Tempora reprehenderit odit recusandae magni iusto rem autem voluptate. Corrupti ipsam voluptates adipisci distinctio et voluptatibus.', 1172.00, 5, 7, '2019-08-27 08:48:50', '2019-08-27 08:48:50'),
(6, 'maiores', 'Voluptas possimus molestiae eos occaecati vel sequi ab asperiores. Ut illum doloremque facere. Est eligendi incidunt ad architecto molestias qui. Consequatur qui doloribus quo officia debitis.', 731.00, 0, 27, '2019-08-27 08:48:50', '2019-08-27 08:48:50'),
(7, 'fugit', 'Est et et autem totam ea quo quia. Molestiae nam inventore et cumque. Aperiam voluptatem laboriosam odio tempora aliquam et occaecati.', 1343.00, 6, 23, '2019-08-27 08:48:50', '2019-08-27 08:48:50'),
(8, 'facilis', 'Neque quia sequi molestiae ipsum laudantium et. Non sed tempore quo dolorum eum et ad. Optio asperiores ea atque est itaque vitae.', 776.00, 0, 12, '2019-08-27 08:48:50', '2019-08-27 08:48:50'),
(9, 'fugiat', 'Voluptatibus ut ut occaecati magni. Nam quisquam dolorum distinctio quo minima quis voluptate. Aspernatur quasi nesciunt mollitia ipsa. Inventore maxime beatae ipsam excepturi qui necessitatibus dolor eum.', 258.00, 2, 10, '2019-08-27 08:48:50', '2019-08-27 08:48:50'),
(10, 'dolores', 'Nisi blanditiis ab voluptates et. Aut excepturi sint quos est. Quis aut ipsa nemo necessitatibus asperiores sed. Quis commodi et recusandae natus alias. Sunt est et eius qui qui voluptatem.', 1652.00, 4, 28, '2019-08-27 08:48:50', '2019-08-27 08:48:50'),
(11, 'fuga', 'Corporis totam praesentium esse unde qui dolor. Id quasi aperiam dolorem ipsam cumque iusto. Inventore sed fuga quam iusto animi recusandae. Eum quia necessitatibus iusto expedita nam rerum.', 210.00, 2, 14, '2019-08-27 08:48:50', '2019-08-27 08:48:50'),
(12, 'architecto', 'Sit architecto enim possimus est qui fugit. Laudantium aut non labore ut ea tempore ut ut. Nesciunt nesciunt ut dolorem inventore adipisci ab. Officia a quos est explicabo mollitia molestiae.', 1442.00, 0, 7, '2019-08-27 08:48:50', '2019-08-27 08:48:50'),
(13, 'officiis', 'Debitis tempora nobis animi doloribus accusantium autem. Maxime magni non impedit eaque dicta deleniti. Suscipit nisi quae et aut.', 1845.00, 1, 39, '2019-08-27 08:48:50', '2019-08-27 08:48:50'),
(14, 'quasi', 'Tempore incidunt ipsa aut. Veritatis minus cupiditate suscipit sunt facilis consequatur voluptas. Ut necessitatibus sequi architecto et. Labore doloribus et accusantium quae. Consectetur earum rerum omnis unde.', 828.00, 3, 31, '2019-08-27 08:48:50', '2019-08-27 08:48:50'),
(15, 'excepturi', 'Rerum consequatur minus id necessitatibus nesciunt iusto. Aut quia odit natus. Beatae at est quibusdam sint. Qui omnis rerum suscipit cum.', 1883.00, 7, 36, '2019-08-27 08:48:50', '2019-08-27 08:48:50'),
(16, 'et', 'Id fugit quidem eius possimus omnis. Ut enim similique libero facilis consequatur id ut id. Ea optio et qui perspiciatis.', 757.00, 9, 23, '2019-08-27 08:48:50', '2019-08-27 08:48:50'),
(17, 'eos', 'Est molestiae animi suscipit et non et ut sed. Eos voluptatem autem corrupti nostrum. Voluptatem beatae ut ipsa quas ut. Sit iusto eligendi sapiente saepe esse.', 113.00, 3, 8, '2019-08-27 08:48:50', '2019-08-27 08:48:50'),
(18, 'odio', 'Ipsam exercitationem laboriosam accusantium amet inventore. Delectus fugit blanditiis consequatur nulla eos.', 905.00, 0, 27, '2019-08-27 08:48:50', '2019-08-27 08:48:50'),
(19, 'consequatur', 'Ex at quia corporis sit fugit sed aspernatur. Quia corrupti et et sit. Natus rerum voluptatem voluptatem tempore doloribus et.', 1014.00, 6, 28, '2019-08-27 08:48:50', '2019-08-27 08:48:50'),
(20, 'asperiores', 'Quia est occaecati non quam aperiam et. Qui et non inventore odio harum. Debitis consequatur rerum nihil explicabo.', 388.00, 3, 30, '2019-08-27 08:48:50', '2019-08-27 08:48:50'),
(21, 'itaque', 'Impedit adipisci culpa beatae exercitationem. Saepe cum illum quas facilis nemo laborum. Qui ipsum placeat harum sit corporis dolores odio ducimus.', 1399.00, 4, 48, '2019-08-27 08:48:50', '2019-08-27 08:48:50'),
(22, 'culpa', 'Omnis voluptatem et libero officiis perferendis mollitia. Libero repellendus vitae quae non. Fugit voluptatem quae accusantium.', 1818.00, 7, 18, '2019-08-27 08:48:50', '2019-08-27 08:48:50'),
(23, 'veritatis', 'Pariatur ad quos porro possimus eligendi qui. Debitis a totam et dolorem repellat. Dolor perferendis eos enim cupiditate repellendus dolore.', 601.00, 1, 28, '2019-08-27 08:48:50', '2019-08-27 08:48:50'),
(24, 'ducimus', 'Labore dolorum ut odio. Similique molestias ea quidem aliquid. Ad nihil nulla non. Dicta rem eum totam aliquam cum.', 281.00, 8, 7, '2019-08-27 08:48:50', '2019-08-27 08:48:50'),
(25, 'excepturi', 'Saepe laborum ipsa sequi distinctio perspiciatis distinctio nostrum fuga. Cum rerum nisi a est dolor ut. Accusantium eius quasi quos adipisci voluptas ducimus accusantium. Illum et aut non ipsum quibusdam vero.', 728.00, 3, 25, '2019-08-27 08:48:50', '2019-08-27 08:48:50'),
(26, 'dolorem', 'Aut incidunt unde cum totam iste eum. At ea veniam est sint. Soluta et vero et est laudantium.', 1189.00, 3, 28, '2019-08-27 08:48:50', '2019-08-27 08:48:50'),
(27, 'unde', 'Enim ut nam voluptas magnam. Consequatur quia est in iste aut illo ullam. Provident dicta pariatur adipisci assumenda nihil aut est et. Sunt enim rerum et eum tempora.', 1280.00, 8, 9, '2019-08-27 08:48:50', '2019-08-27 08:48:50'),
(28, 'dolores', 'Neque est voluptatem illum aut dolores assumenda earum optio. Impedit vel vitae officia aliquid. Et rerum non quia laboriosam magnam nemo. Illum ad aspernatur similique vel placeat ducimus qui. Omnis ut officia sunt ea ut nemo.', 1175.00, 2, 15, '2019-08-27 08:48:50', '2019-08-27 08:48:50'),
(29, 'beatae', 'Non rerum magnam ut molestias. Voluptatem voluptas possimus excepturi eaque culpa. Quos voluptatem porro dolorem labore aut amet. Quisquam consequatur quis praesentium aspernatur deserunt.', 740.00, 8, 46, '2019-08-27 08:48:50', '2019-08-27 08:48:50'),
(30, 'quam', 'Vel ut quisquam in consectetur adipisci qui. Placeat blanditiis consequatur asperiores laboriosam iusto eveniet doloremque ipsam. Voluptas laudantium impedit molestias saepe voluptatibus et. Non alias qui et aliquam adipisci eveniet. Nihil error non quidem.', 1885.00, 7, 16, '2019-08-27 08:48:50', '2019-08-27 08:48:50'),
(31, 'iusto', 'Minus consequatur ratione dolores mollitia sunt illo magnam. Commodi quas voluptas qui dolorum in placeat ad voluptatem. Sequi voluptate et a sapiente nihil autem beatae. Repellat consequuntur omnis occaecati sit qui omnis nihil temporibus. Incidunt adipisci voluptatibus placeat maiores aspernatur magni.', 405.00, 8, 48, '2019-08-27 08:48:50', '2019-08-27 08:48:50'),
(32, 'mollitia', 'Asperiores expedita soluta molestiae adipisci sed illum inventore. Et voluptates quas sequi rerum aut culpa. Ut eum dolor doloremque non et et atque. Aperiam deleniti nulla rerum voluptatibus assumenda.', 1774.00, 7, 44, '2019-08-27 08:48:50', '2019-08-27 08:48:50'),
(33, 'odit', 'Voluptas ut rerum doloremque sed. Consectetur nam quia velit culpa sint autem. Dolore nisi quae laboriosam enim distinctio debitis. Officiis quia hic totam quasi eos molestiae.', 197.00, 4, 3, '2019-08-27 08:48:50', '2019-08-27 08:48:50'),
(34, 'deserunt', 'Esse unde consequatur dolores cumque. Quas optio repellendus fuga omnis sed sed repellat. Ab qui ad sed consequatur dolor voluptatem tenetur reiciendis.', 861.00, 2, 50, '2019-08-27 08:48:50', '2019-08-27 08:48:50'),
(35, 'fuga', 'Est maxime ipsa excepturi illum ea quia ea. Hic nobis reiciendis modi tenetur. Maiores fugit et atque molestiae id magni.', 365.00, 9, 31, '2019-08-27 08:48:50', '2019-08-27 08:48:50'),
(36, 'sed', 'Quis qui eveniet voluptas aut voluptatem impedit quia. Omnis ut a quam dolorum soluta esse aliquid. Labore amet ut animi saepe adipisci velit ipsa. Nihil qui recusandae quos maxime voluptate.', 269.00, 9, 38, '2019-08-27 08:48:50', '2019-08-27 08:48:50'),
(37, 'voluptatem', 'Cum dolore rerum aut ea quas quia eos. Quia enim laboriosam voluptates qui eum. Iusto vero aliquam deserunt consequuntur. Quo aut voluptate quisquam et laudantium.', 168.00, 0, 28, '2019-08-27 08:48:50', '2019-08-27 08:48:50'),
(38, 'nihil', 'Consectetur aliquid nihil unde tenetur sapiente numquam. Id et qui cum omnis non qui. Qui eveniet sit dolor molestiae sapiente sint illo.', 1682.00, 1, 29, '2019-08-27 08:48:50', '2019-08-27 08:48:50'),
(39, 'consequatur', 'Sit ut voluptatum est sit sunt. Corporis doloribus eveniet explicabo sunt sed. Nihil est vitae quae nisi sed.', 1781.00, 0, 50, '2019-08-27 08:48:50', '2019-08-27 08:48:50'),
(40, 'repudiandae', 'Id et nulla eum tenetur totam est quae nihil. Sit similique ullam velit placeat possimus.', 204.00, 0, 39, '2019-08-27 08:48:50', '2019-08-27 08:48:50'),
(41, 'repellat', 'Dignissimos possimus adipisci ut et et distinctio. Libero nisi odit sunt iste. Rerum aliquid est dolore. Sunt exercitationem quo cum aut error accusamus consectetur. Ut voluptatem exercitationem vero sed quia non molestiae.', 1481.00, 9, 7, '2019-08-27 08:48:50', '2019-08-27 08:48:50'),
(42, 'voluptatum', 'Eligendi qui illum saepe incidunt aut voluptatem. Neque enim eligendi porro eos perferendis. Molestias et reprehenderit provident quam. Natus est id numquam.', 1987.00, 4, 8, '2019-08-27 08:48:50', '2019-08-27 08:48:50'),
(43, 'quasi', 'Autem fuga facilis aut quos non. Accusantium nulla officia quidem et ducimus ab consequatur cupiditate. Qui eum iusto sed fuga accusantium aut.', 190.00, 1, 15, '2019-08-27 08:48:50', '2019-08-27 08:48:50'),
(44, 'tempore', 'Qui vero consequatur similique omnis libero eum sint. Perspiciatis cum quos ut. Dolorum vel omnis cupiditate modi corrupti voluptas qui. Est autem voluptatem sunt.', 910.00, 3, 40, '2019-08-27 08:48:50', '2019-08-27 08:48:50'),
(45, 'quod', 'Est nesciunt asperiores et necessitatibus quaerat sequi. Voluptates ipsum vel reiciendis magni iste et mollitia quibusdam. Molestiae et et quam quia ut nostrum.', 696.00, 0, 15, '2019-08-27 08:48:50', '2019-08-27 08:48:50'),
(46, 'aspernatur', 'Consequatur nostrum voluptas occaecati deleniti a voluptatibus. Dolore dolore labore maiores facilis quia ullam vitae. Asperiores minus aspernatur aspernatur et quidem dolor.', 1332.00, 2, 13, '2019-08-27 08:48:50', '2019-08-27 08:48:50'),
(47, 'sint', 'Voluptatem velit dolor eligendi et et corporis sit. Recusandae adipisci error earum at sit voluptate suscipit. Ipsa dicta deserunt ab quia et accusantium quos. Possimus labore quisquam voluptate quo quo magni.', 1926.00, 6, 15, '2019-08-27 08:48:50', '2019-08-27 08:48:50'),
(48, 'debitis', 'Autem reiciendis ipsam itaque saepe atque natus. Dolorum et cumque et ab nisi maiores sed perspiciatis. Dolores qui facilis deserunt alias. Molestiae ipsa dolores sapiente.', 1910.00, 9, 11, '2019-08-27 08:48:50', '2019-08-27 08:48:50'),
(49, 'dolorem', 'Quidem impedit sapiente amet at. In quod quia inventore laudantium facilis earum corporis. Placeat consequuntur et officiis id. Molestias aut non eum est nesciunt ullam fuga. Nulla non beatae rerum porro commodi repellat.', 270.00, 0, 23, '2019-08-27 08:48:50', '2019-08-27 08:48:50'),
(50, 'est', 'Tempora ullam alias voluptatem. Voluptatem ipsum nihil illum sed. Sapiente natus sapiente et accusantium.', 423.00, 1, 11, '2019-08-27 08:48:50', '2019-08-27 08:48:50');

-- --------------------------------------------------------

--
-- Table structure for table `reviews`
--

DROP TABLE IF EXISTS `reviews`;
CREATE TABLE IF NOT EXISTS `reviews` (
  `id` bigint(20) UNSIGNED NOT NULL AUTO_INCREMENT,
  `product_id` bigint(20) UNSIGNED NOT NULL,
  `customer` varchar(255) COLLATE utf8mb4_unicode_ci NOT NULL,
  `review` text COLLATE utf8mb4_unicode_ci NOT NULL,
  `star` int(11) NOT NULL,
  `created_at` timestamp NULL DEFAULT NULL,
  `updated_at` timestamp NULL DEFAULT NULL,
  PRIMARY KEY (`id`),
  KEY `reviews_product_id_index` (`product_id`)
) ENGINE=InnoDB AUTO_INCREMENT=301 DEFAULT CHARSET=utf8mb4 COLLATE=utf8mb4_unicode_ci;

--
-- Dumping data for table `reviews`
--

INSERT INTO `reviews` (`id`, `product_id`, `customer`, `review`, `star`, `created_at`, `updated_at`) VALUES
(1, 21, 'Maia Schuppe PhD', 'Pariatur delectus minima a placeat libero veniam. Provident occaecati voluptatem reprehenderit dignissimos distinctio quia. Deleniti corporis dignissimos quia quia. Non sapiente alias deserunt molestiae.', 1, '2019-08-27 08:48:51', '2019-08-27 08:48:51'),
(2, 44, 'Mrs. Kelly Batz', 'Rerum tempora quia error quas et placeat animi. Explicabo laboriosam quo facilis voluptate.', 1, '2019-08-27 08:48:51', '2019-08-27 08:48:51'),
(3, 22, 'Alexandria Turcotte II', 'Fugit nisi quibusdam qui ut tempore et. Non et fuga excepturi earum quo. Molestias possimus perferendis omnis omnis.', 3, '2019-08-27 08:48:51', '2019-08-27 08:48:51'),
(4, 29, 'Dr. Ivah Orn', 'Ipsum ut eligendi voluptas ut pariatur dignissimos nihil provident. Ducimus inventore expedita nihil a rerum porro corrupti. Corporis in error dolor quia iusto cumque at. Quos facilis sint ea quae.', 5, '2019-08-27 08:48:51', '2019-08-27 08:48:51'),
(5, 48, 'Miracle Fisher', 'Qui illum et in aliquid eligendi ut molestias et. Expedita voluptas consequuntur sed deleniti nulla suscipit iste. Illo praesentium tempore distinctio nam id neque temporibus.', 4, '2019-08-27 08:48:51', '2019-08-27 08:48:51'),
(6, 7, 'Stanford Kemmer PhD', 'Eveniet laboriosam labore perspiciatis perferendis. In delectus doloribus hic nostrum labore. Est vel itaque dolores dolores. Dolor dolorum molestiae commodi quo sit.', 2, '2019-08-27 08:48:51', '2019-08-27 08:48:51'),
(7, 7, 'Dillan Reilly', 'Expedita praesentium eveniet velit saepe et temporibus. Impedit ducimus repellat similique blanditiis neque veritatis. Voluptatem quam voluptatum quam a quasi voluptatem sed.', 5, '2019-08-27 08:48:51', '2019-08-27 08:48:51'),
(8, 25, 'Ms. Amya Lebsack', 'Ut voluptatem ut suscipit necessitatibus ipsam. Magnam in tempore non est. Et quia possimus unde quibusdam libero. Quaerat iste ex qui architecto.', 5, '2019-08-27 08:48:51', '2019-08-27 08:48:51'),
(9, 27, 'Narciso Beatty Sr.', 'Ratione quasi suscipit nihil ipsam error voluptatem blanditiis. Beatae magni rem beatae provident saepe. Officia minima in reprehenderit.', 1, '2019-08-27 08:48:51', '2019-08-27 08:48:51'),
(10, 35, 'Dr. Kitty Feil IV', 'At voluptates soluta neque et. Delectus nostrum aliquam sint et veritatis. Quas dicta iste labore voluptate.', 4, '2019-08-27 08:48:51', '2019-08-27 08:48:51'),
(11, 39, 'Mr. Marcellus Sanford', 'Eos asperiores tempore aspernatur velit est. Illo hic est aut quo cupiditate ex. Minima nemo esse repellat commodi dicta accusantium.', 3, '2019-08-27 08:48:51', '2019-08-27 08:48:51'),
(12, 15, 'Evans Hirthe', 'Ea qui et sed doloremque. Alias quia repellendus eius voluptatem voluptates blanditiis dolor.', 3, '2019-08-27 08:48:51', '2019-08-27 08:48:51'),
(13, 11, 'Prof. Lynn Kohler II', 'Iusto iure et eius modi. Fugiat voluptas consectetur molestiae dolores asperiores suscipit. Dicta earum minus est consequatur dicta.', 5, '2019-08-27 08:48:51', '2019-08-27 08:48:51'),
(14, 48, 'Mrs. Arlene Sawayn', 'Eum eius quod laboriosam porro. Libero laudantium illo tenetur ab. Exercitationem illo tenetur ut voluptas occaecati id.', 5, '2019-08-27 08:48:51', '2019-08-27 08:48:51'),
(15, 42, 'Mr. Lamont Herzog DDS', 'Aut reiciendis sed dolorem sunt illum ut a et. Et voluptas alias perspiciatis ut expedita. Aliquid incidunt incidunt et dolorem voluptatem.', 4, '2019-08-27 08:48:51', '2019-08-27 08:48:51'),
(16, 44, 'Georgianna Medhurst', 'Cupiditate molestiae quia unde at impedit placeat. Nisi recusandae explicabo et voluptatem eum maxime eum. Vitae occaecati illo quam accusamus aliquam expedita. Hic necessitatibus vel ullam.', 5, '2019-08-27 08:48:51', '2019-08-27 08:48:51'),
(17, 10, 'Mitchel Donnelly DVM', 'Sed et tenetur expedita optio. Explicabo error assumenda quibusdam eum consequatur ipsa. Voluptatum minus eos iste doloremque iure laborum.', 3, '2019-08-27 08:48:51', '2019-08-27 08:48:51'),
(18, 36, 'Prof. Americo Schimmel I', 'Voluptates sed libero asperiores quo nam tempore explicabo sed. Maxime modi minima ipsum cupiditate libero libero deserunt. Molestias quas et autem velit occaecati odio illo. Velit id vel consequuntur velit vel nemo. Et et quia in dolore neque libero.', 3, '2019-08-27 08:48:51', '2019-08-27 08:48:51'),
(19, 1, 'Cordia Bins', 'Vel velit sed ullam et. Est et a ut. Dolorem occaecati deleniti occaecati voluptatem veniam fugiat ipsam. Consectetur harum tenetur cum animi debitis aspernatur distinctio.', 5, '2019-08-27 08:48:51', '2019-08-27 08:48:51'),
(20, 4, 'Jules Barrows', 'Quia suscipit beatae eum quas facilis cupiditate tempora. Harum porro corporis accusantium hic eum placeat. Autem consequatur necessitatibus odit sed.', 1, '2019-08-27 08:48:51', '2019-08-27 08:48:51'),
(21, 10, 'Dr. Jeromy Batz', 'Rerum aliquid eligendi reprehenderit dolor necessitatibus. Alias nemo eaque iure quos est. Sit animi odit aut ipsa voluptatem facere.', 4, '2019-08-27 08:48:51', '2019-08-27 08:48:51'),
(22, 23, 'Crystal Jenkins', 'Praesentium aut quisquam molestiae mollitia hic. Totam occaecati et similique fugiat iste et atque. Et eius assumenda quo illo.', 2, '2019-08-27 08:48:51', '2019-08-27 08:48:51'),
(23, 9, 'Madilyn Ritchie', 'Dolor unde distinctio qui mollitia assumenda sed. Maiores velit eos sit maxime incidunt accusantium voluptatem sapiente. Expedita et recusandae sed occaecati. Magnam et aspernatur soluta quia.', 3, '2019-08-27 08:48:51', '2019-08-27 08:48:51'),
(24, 14, 'Mr. Trevion Wunsch I', 'Rerum dolor odio illo quia. Ut earum nisi nihil similique in dolor molestiae. Qui molestias repudiandae et esse nulla voluptatibus ab. Deserunt et at laudantium.', 3, '2019-08-27 08:48:51', '2019-08-27 08:48:51'),
(25, 37, 'Madyson Dickinson', 'Non dicta aut sapiente quae. Repudiandae quo dolore recusandae et veritatis impedit nemo voluptatem. Incidunt repudiandae recusandae et est. Fuga cupiditate quasi voluptate mollitia sint error voluptates quia.', 5, '2019-08-27 08:48:51', '2019-08-27 08:48:51'),
(26, 4, 'Claudie Hegmann', 'Molestiae et quod consequatur. Sed nobis reiciendis corrupti quia omnis labore. Maiores beatae harum enim animi.', 1, '2019-08-27 08:48:51', '2019-08-27 08:48:51'),
(27, 22, 'Devante Rogahn', 'Sed et tempore consequatur officiis ratione. Sit fuga provident voluptates quaerat.', 2, '2019-08-27 08:48:51', '2019-08-27 08:48:51'),
(28, 14, 'Sheridan Christiansen', 'Aut magni voluptatem neque. Aliquam ea modi sit sequi architecto. Omnis quos quo quis repellendus architecto.', 4, '2019-08-27 08:48:51', '2019-08-27 08:48:51'),
(29, 42, 'Jude Corwin', 'Rerum ut eius qui culpa debitis quasi. Cum ea voluptatum reiciendis voluptas voluptatem quia ut. Nisi magnam et repellat veniam in. Sed itaque rem facilis inventore itaque. Temporibus mollitia dolores magni.', 3, '2019-08-27 08:48:51', '2019-08-27 08:48:51'),
(30, 38, 'Ewald Auer PhD', 'Excepturi non cumque officia corporis. Consequatur et animi reiciendis labore omnis. Qui qui facilis nostrum ut sequi.', 5, '2019-08-27 08:48:51', '2019-08-27 08:48:51'),
(31, 39, 'Phyllis Fadel', 'Recusandae aut voluptatibus libero sed autem. Dolorem ut omnis ex aut qui tempora voluptatum. Quidem perferendis quam id sed facilis praesentium qui. Asperiores consequatur sed totam dolorem totam.', 2, '2019-08-27 08:48:51', '2019-08-27 08:48:51'),
(32, 2, 'Prof. Jermain Green', 'Harum facere vero tempore eum velit possimus. Repellat et est sint aut et quos. Velit adipisci et dolores nulla et fuga quaerat blanditiis. Voluptatum omnis nesciunt quasi fuga.', 5, '2019-08-27 08:48:51', '2019-08-27 08:48:51'),
(33, 45, 'Maurice Schmeler', 'Similique vel itaque et. Minima fugiat veritatis inventore aut. Sed modi voluptatem alias dolorum ullam.', 2, '2019-08-27 08:48:51', '2019-08-27 08:48:51'),
(34, 36, 'Dr. Lexi Schamberger', 'Aut delectus laborum rerum. Ab omnis nesciunt doloribus eligendi dignissimos ipsam. At dolorum officia ut saepe.', 4, '2019-08-27 08:48:51', '2019-08-27 08:48:51'),
(35, 10, 'Prof. Gladyce Braun', 'Laudantium corporis sequi voluptas voluptatibus. Sit nihil reprehenderit eos quis. Quibusdam enim illum tenetur quidem necessitatibus. Omnis voluptatum aut dignissimos ducimus.', 4, '2019-08-27 08:48:51', '2019-08-27 08:48:51'),
(36, 22, 'Mr. Sanford Thiel', 'Numquam iusto velit eum est sit qui. Magni mollitia voluptate tempore libero sit saepe assumenda atque. Omnis quibusdam alias suscipit ut sunt ut praesentium.', 1, '2019-08-27 08:48:51', '2019-08-27 08:48:51'),
(37, 4, 'Ms. Wanda Pacocha', 'Ab aut rem earum quae doloremque. Veniam commodi minus provident illo inventore eum. Molestias nisi dolorum tempora labore sint distinctio quia non. Ex magnam explicabo qui voluptatibus.', 1, '2019-08-27 08:48:51', '2019-08-27 08:48:51'),
(38, 38, 'Kiley Pacocha', 'Sed iste officia nemo. Ullam voluptatem nihil fugiat. Eum dolorem blanditiis ea sint officia vel in. Aperiam impedit rerum quia maiores.', 5, '2019-08-27 08:48:51', '2019-08-27 08:48:51'),
(39, 47, 'Antoinette Schuppe', 'Nisi sint voluptatem quod et quo dolorum exercitationem. Ducimus beatae sit fuga voluptatem tempora velit totam dolorum. Mollitia quis soluta sequi et suscipit odit. Suscipit id ut est incidunt.', 2, '2019-08-27 08:48:51', '2019-08-27 08:48:51'),
(40, 7, 'Assunta Daugherty Jr.', 'Earum unde doloremque ut fuga exercitationem adipisci est. Quod atque saepe non dolores. Blanditiis deserunt vel sit iure laborum consequatur. Culpa quia aperiam atque quis qui eum sunt.', 4, '2019-08-27 08:48:51', '2019-08-27 08:48:51'),
(41, 7, 'Maryam Bode', 'Ad quo mollitia rerum et. Quos qui sunt ut ea similique voluptatem asperiores. Aut et ad voluptate et quo dolores veniam.', 4, '2019-08-27 08:48:51', '2019-08-27 08:48:51'),
(42, 5, 'Miss Jennie Herman', 'Asperiores veritatis blanditiis vitae vitae. Corrupti quasi animi et sunt cupiditate sunt. Quidem libero quam rerum fuga ea. Et eius aut ipsam molestias minus quia.', 5, '2019-08-27 08:48:51', '2019-08-27 08:48:51'),
(43, 11, 'Ms. Patricia Hackett V', 'Assumenda debitis atque qui et nisi nihil. Nesciunt facere aspernatur voluptas animi tenetur natus. Ea corrupti dolorum omnis est cumque eligendi provident dignissimos.', 3, '2019-08-27 08:48:51', '2019-08-27 08:48:51'),
(44, 44, 'Fatima Murphy', 'Aut est consequatur dolores dolor. Harum porro dolore aperiam soluta quia voluptatum debitis. Voluptatem voluptatem magni eius tempore.', 1, '2019-08-27 08:48:51', '2019-08-27 08:48:51'),
(45, 15, 'Mr. Ayden Smitham', 'Deleniti dolore vel sequi similique et. Rerum quo ut veniam est quo autem voluptatem impedit. A numquam aut ea nihil.', 3, '2019-08-27 08:48:51', '2019-08-27 08:48:51'),
(46, 10, 'Darien Dickinson', 'Ullam tenetur est nemo voluptas aut aut deserunt. Quia eligendi ut distinctio ad aut placeat. Provident dignissimos sunt modi ratione ut vel facilis expedita. Optio qui provident dolorem.', 5, '2019-08-27 08:48:51', '2019-08-27 08:48:51'),
(47, 30, 'Eulalia Berge', 'Enim expedita aut eos fuga quia. Praesentium est architecto consequuntur ea optio excepturi. Labore natus esse dicta eum aperiam laborum. Delectus eius placeat voluptates quasi natus.', 3, '2019-08-27 08:48:51', '2019-08-27 08:48:51'),
(48, 28, 'Ceasar Pfannerstill', 'Autem id perspiciatis natus aliquam veritatis sit repudiandae. Non ut voluptas vel ex similique nulla minima. Deleniti quae praesentium quo.', 2, '2019-08-27 08:48:51', '2019-08-27 08:48:51'),
(49, 36, 'Elva Runolfsdottir', 'Ipsum voluptatem necessitatibus explicabo saepe. Repellendus quas id et molestiae eveniet minus quia sunt. Sit explicabo eos est esse perferendis ut. Quod repudiandae tenetur praesentium ut at.', 3, '2019-08-27 08:48:51', '2019-08-27 08:48:51'),
(50, 15, 'Brenda King', 'Dolores sunt et est atque. Aspernatur aut itaque quod molestiae et sit voluptatem. Numquam ipsam aut error earum voluptatem ullam. Atque laborum vel reiciendis expedita dolore.', 5, '2019-08-27 08:48:51', '2019-08-27 08:48:51'),
(51, 37, 'Ms. Laisha DuBuque', 'Et dolores exercitationem eos odio voluptatem laboriosam atque. Distinctio voluptates necessitatibus repellendus facere accusantium voluptas rerum. Sed aut sint quia. Ipsa nesciunt et nostrum.', 4, '2019-08-27 08:48:51', '2019-08-27 08:48:51'),
(52, 41, 'Ulices Hammes', 'Dolore et dolor aspernatur rem. Qui provident impedit est voluptate est maiores voluptates quaerat. Quia reiciendis cupiditate odio odio.', 1, '2019-08-27 08:48:51', '2019-08-27 08:48:51'),
(53, 42, 'Deven Greenfelder', 'Et aut labore libero qui necessitatibus cumque nobis nostrum. Ullam architecto enim laboriosam qui modi. Quia sit reprehenderit soluta similique eos iste.', 1, '2019-08-27 08:48:51', '2019-08-27 08:48:51'),
(54, 38, 'Dr. Camren Brakus V', 'Praesentium et culpa facilis. Hic omnis et rerum ut. Corporis quos sit perferendis et voluptatibus dolor ea.', 5, '2019-08-27 08:48:51', '2019-08-27 08:48:51'),
(55, 3, 'Miss Penelope Runte', 'Totam et ducimus consequatur ad eligendi et aut. Est ratione impedit cupiditate ut omnis. Perferendis a et consequuntur quia maiores ut. Similique voluptas ipsum laborum fugiat est in.', 5, '2019-08-27 08:48:51', '2019-08-27 08:48:51'),
(56, 43, 'Mathew Effertz', 'Similique suscipit et temporibus id aspernatur eum. Animi possimus adipisci porro et qui asperiores placeat. Consequuntur nihil distinctio qui aut et fuga quae quis.', 3, '2019-08-27 08:48:51', '2019-08-27 08:48:51'),
(57, 4, 'Veda Cartwright', 'Commodi ea quibusdam ut assumenda autem dolore voluptatem voluptas. Quisquam ut repudiandae ut sed. Perferendis distinctio totam animi distinctio et.', 2, '2019-08-27 08:48:51', '2019-08-27 08:48:51'),
(58, 18, 'Dr. Cyril Schaden', 'Necessitatibus enim hic impedit eius molestiae asperiores. Et soluta alias impedit tempora sint ipsam ratione. Eos nihil non nobis eveniet.', 5, '2019-08-27 08:48:51', '2019-08-27 08:48:51'),
(59, 2, 'Nathen Dooley', 'Corrupti facilis nihil officia. Magni quae a nam accusamus. Dolor ipsum rerum corporis et et accusamus. Aut incidunt qui aut aut.', 1, '2019-08-27 08:48:51', '2019-08-27 08:48:51'),
(60, 39, 'Rosie Batz', 'Voluptas porro ratione consequatur sapiente voluptas veritatis inventore optio. Dolor sed ab doloremque qui quia sequi. Ratione vel asperiores nihil sunt aliquid. Voluptas voluptatibus culpa placeat eveniet voluptatem. Ea assumenda ab maxime.', 5, '2019-08-27 08:48:51', '2019-08-27 08:48:51'),
(61, 28, 'Lina Bradtke', 'Ipsa ad nihil qui vel. Laborum dolor aliquid est accusantium non fugiat. Recusandae velit non et aperiam voluptas alias.', 2, '2019-08-27 08:48:51', '2019-08-27 08:48:51'),
(62, 1, 'Tiara Dooley', 'Eum quos ducimus veritatis quo officia. Quia aut dolores officia vel ad ut id. Accusamus aliquid suscipit quas. Culpa eius possimus cumque reprehenderit sint fugiat.', 5, '2019-08-27 08:48:51', '2019-08-27 08:48:51'),
(63, 23, 'Lance Schmidt', 'Quo et cupiditate nisi cumque tenetur. Ipsum corporis corporis dicta voluptates ipsam libero commodi. Et atque est suscipit ratione nihil.', 1, '2019-08-27 08:48:51', '2019-08-27 08:48:51'),
(64, 50, 'Breanna Runte', 'Libero facere enim aut assumenda. Velit qui quisquam eius fuga esse doloribus.', 1, '2019-08-27 08:48:51', '2019-08-27 08:48:51'),
(65, 2, 'Uriel McGlynn', 'Magni sint repudiandae inventore aut rerum autem est. Maiores illum illum harum a laudantium possimus ut. Adipisci iusto eum ad sed ut et sed.', 1, '2019-08-27 08:48:51', '2019-08-27 08:48:51'),
(66, 4, 'Jovanny Schroeder', 'Velit eligendi porro magnam minus ad esse. In distinctio id sit blanditiis accusamus sint minus. Vero fuga odit suscipit illo. Occaecati nihil laboriosam itaque nisi quod temporibus.', 1, '2019-08-27 08:48:51', '2019-08-27 08:48:51'),
(67, 39, 'Dr. Gage Johnston', 'Nemo nam nam error fugiat. Cum cum nisi doloremque voluptate quas culpa est. Architecto quaerat laboriosam quam sunt eius sed.', 5, '2019-08-27 08:48:51', '2019-08-27 08:48:51'),
(68, 30, 'Dr. Arlo Hirthe', 'Inventore aut earum optio eum accusamus ullam ab voluptas. Voluptatem id omnis suscipit eius aut non in. Sequi voluptatem adipisci aliquid delectus. Voluptatem dolor veniam similique illum et aut atque placeat.', 3, '2019-08-27 08:48:51', '2019-08-27 08:48:51'),
(69, 2, 'Tressa Reichel', 'Et vitae in magnam dignissimos quibusdam laboriosam. Explicabo quos dolore et sed. Distinctio aut ut sequi perferendis.', 2, '2019-08-27 08:48:51', '2019-08-27 08:48:51'),
(70, 37, 'Jaiden Torphy', 'Mollitia sunt cum dolorem nesciunt. Ad ut debitis autem. Qui minus quis assumenda non quia magnam. Nihil adipisci repellat harum voluptatibus cupiditate voluptas.', 1, '2019-08-27 08:48:51', '2019-08-27 08:48:51'),
(71, 44, 'Shaylee Kuvalis II', 'Dolores eius et est esse deleniti earum blanditiis. Dolores impedit inventore voluptatem dignissimos.', 5, '2019-08-27 08:48:51', '2019-08-27 08:48:51'),
(72, 29, 'Prof. Vincent Ortiz MD', 'Occaecati iusto itaque eius totam inventore occaecati reprehenderit. Hic in laudantium veniam id dolor. Eveniet incidunt est dolore facere neque.', 5, '2019-08-27 08:48:51', '2019-08-27 08:48:51'),
(73, 16, 'Roxane Feil', 'Consequatur sit et voluptates quis. Id repellat hic facere pariatur sint.', 1, '2019-08-27 08:48:51', '2019-08-27 08:48:51'),
(74, 3, 'Cristobal Pouros I', 'Aut architecto ipsa occaecati temporibus dolores deserunt. Sit quisquam rerum perferendis natus ex. Et qui quo fugit asperiores temporibus. Earum et tempora reiciendis officia laboriosam amet rem.', 5, '2019-08-27 08:48:51', '2019-08-27 08:48:51'),
(75, 31, 'Deja Tillman PhD', 'Accusamus aut numquam vitae modi. Et est commodi aliquid et non accusantium cupiditate. Eos ipsam cum quas voluptatum ut nobis. Qui nihil magnam debitis maiores et harum.', 5, '2019-08-27 08:48:51', '2019-08-27 08:48:51'),
(76, 44, 'Chasity Crooks', 'Distinctio et delectus ipsa enim reprehenderit qui facere. Molestiae esse praesentium placeat quisquam voluptas adipisci.', 4, '2019-08-27 08:48:51', '2019-08-27 08:48:51'),
(77, 38, 'Miss Lia Gislason', 'Aliquid et rerum aut velit. Nulla assumenda eius officiis consequatur et ad alias. Voluptatum culpa hic ea est omnis voluptas. Aut dolores qui dolor ducimus sit.', 4, '2019-08-27 08:48:51', '2019-08-27 08:48:51'),
(78, 42, 'Jammie Price', 'Architecto qui magnam debitis voluptas incidunt delectus. Aut natus aut exercitationem quod quas quaerat. Error quo commodi impedit iusto natus adipisci quia. Veniam non dolorem aut.', 2, '2019-08-27 08:48:51', '2019-08-27 08:48:51'),
(79, 7, 'Mrs. Ayana Howell', 'Ut odit voluptatem soluta neque est possimus. Quis non magni sint optio velit. Aut assumenda rem dolorum molestias consequatur. Et sint aut molestias perspiciatis assumenda ipsa provident.', 5, '2019-08-27 08:48:51', '2019-08-27 08:48:51'),
(80, 16, 'Miss Shanon Emmerich', 'Sunt magni perferendis consequuntur qui id provident. Repudiandae voluptas quo id blanditiis iste vel ut. Quas accusamus voluptas saepe adipisci et.', 4, '2019-08-27 08:48:51', '2019-08-27 08:48:51'),
(81, 9, 'Annabelle Koch', 'Nesciunt itaque distinctio eaque omnis qui consequuntur impedit eligendi. Distinctio qui ut temporibus dolores eligendi debitis. Eum sit consectetur sed ut esse qui voluptatum ipsa. Repudiandae voluptas vero nisi accusantium corporis.', 4, '2019-08-27 08:48:51', '2019-08-27 08:48:51'),
(82, 5, 'Francesca Lockman', 'Aut ratione et harum eius velit quibusdam impedit. Maiores placeat deleniti tenetur consequuntur non.', 1, '2019-08-27 08:48:51', '2019-08-27 08:48:51'),
(83, 28, 'Prof. Delbert Thompson', 'Labore quod minima beatae voluptatem repudiandae at qui. Cumque nostrum repellat libero id asperiores. Officia beatae eius minus eveniet hic aut libero.', 4, '2019-08-27 08:48:51', '2019-08-27 08:48:51'),
(84, 8, 'Urban Wilderman', 'Nobis in voluptates est pariatur. In est dolore harum rerum. Itaque rerum praesentium quas reiciendis officia sequi. Minus et molestiae earum repellat ad perferendis.', 4, '2019-08-27 08:48:51', '2019-08-27 08:48:51'),
(85, 10, 'Haven Wilderman', 'Deserunt non id occaecati sequi laboriosam sit. Et incidunt placeat assumenda sunt quia animi cum. Voluptatem hic est dolores. Voluptatem at velit veritatis nesciunt.', 1, '2019-08-27 08:48:51', '2019-08-27 08:48:51'),
(86, 3, 'Madelyn Mayert', 'Perspiciatis est voluptas ut harum tempora. Quidem quisquam magnam ad ipsa nemo rerum. Et eum quidem incidunt totam. Sapiente sapiente placeat voluptatem vel dolor iste dolorum.', 5, '2019-08-27 08:48:51', '2019-08-27 08:48:51'),
(87, 13, 'Arianna Schowalter', 'Quam nam rerum enim dolorum ullam accusantium quo. Placeat aut quaerat qui animi qui sequi et ut. Beatae maiores aspernatur inventore dolor quasi atque. Occaecati rem voluptatem ut nostrum rerum tempora. Sit tempora non voluptatem consequuntur iusto non quidem ad.', 1, '2019-08-27 08:48:51', '2019-08-27 08:48:51'),
(88, 40, 'Miss Julie Rau Jr.', 'Ex ad dolorem nisi temporibus. Dicta aut nostrum eligendi. Delectus dolorum adipisci assumenda quod.', 1, '2019-08-27 08:48:51', '2019-08-27 08:48:51'),
(89, 9, 'Arielle Gerhold', 'Numquam nostrum tenetur aut asperiores aperiam modi. Et veniam sunt modi in ut aliquid itaque dolores. Provident modi nulla et ut impedit repellat.', 1, '2019-08-27 08:48:51', '2019-08-27 08:48:51'),
(90, 32, 'Camryn Mitchell', 'Omnis voluptates pariatur est. Nobis nam perspiciatis culpa. Odio occaecati corporis fugiat nam. Architecto a culpa ullam non quo.', 5, '2019-08-27 08:48:51', '2019-08-27 08:48:51'),
(91, 50, 'Angus Kshlerin', 'Vel vero dolorem eligendi ea voluptate fugiat fugiat. Neque qui quam ipsam eum ut rerum. Inventore ut magni quia tenetur rem et ex at. Facere debitis qui excepturi sit itaque alias.', 5, '2019-08-27 08:48:51', '2019-08-27 08:48:51'),
(92, 27, 'Zachariah Stehr II', 'Aut alias incidunt quaerat molestiae tenetur ad. Illo laboriosam eaque voluptatum nesciunt et iste illo. Laudantium natus tempore quia neque ut sequi sed. Dignissimos modi impedit voluptatem omnis.', 3, '2019-08-27 08:48:51', '2019-08-27 08:48:51'),
(93, 35, 'Mr. Austyn Bauch DDS', 'A cupiditate ab dolor autem voluptatem sed ad. Expedita cumque tenetur distinctio. Possimus explicabo nesciunt in non. Ex aut corporis molestiae in.', 1, '2019-08-27 08:48:51', '2019-08-27 08:48:51'),
(94, 20, 'Maxine Bashirian', 'Autem debitis est et rerum et ad. Aperiam cupiditate dolor quasi consequuntur. Non et pariatur aliquam doloribus provident dignissimos doloremque.', 1, '2019-08-27 08:48:51', '2019-08-27 08:48:51'),
(95, 4, 'Dr. Princess Toy', 'Incidunt error autem quasi. Aut consequuntur voluptates nam. Ut illum voluptas qui commodi qui. Nobis aspernatur omnis et qui qui et non.', 4, '2019-08-27 08:48:51', '2019-08-27 08:48:51'),
(96, 17, 'Marilou Cronin', 'Voluptas autem doloribus dolorem dolores soluta ut atque. Quo eligendi eius quas reprehenderit cumque et facilis. Ut ipsam quia deleniti sit error corporis. Amet et voluptatum officia.', 1, '2019-08-27 08:48:51', '2019-08-27 08:48:51'),
(97, 24, 'Velda Padberg', 'Doloremque nesciunt vero dolor voluptatum eum vero. Id animi natus quidem consequuntur ad enim. Impedit quibusdam saepe eum cum dolor illum. Ad ad itaque magni et modi occaecati.', 5, '2019-08-27 08:48:51', '2019-08-27 08:48:51'),
(98, 5, 'Jailyn Breitenberg II', 'Dolorem eos officiis non pariatur. Et praesentium recusandae voluptas quos consequatur blanditiis. Rerum ut voluptatem aut tempore est eius. Quas blanditiis est laudantium libero pariatur ut dolor accusamus.', 5, '2019-08-27 08:48:51', '2019-08-27 08:48:51'),
(99, 32, 'Serena Romaguera', 'Saepe qui earum aut aut tempore nemo. Sit nihil quidem eum. Quisquam necessitatibus porro blanditiis itaque. Placeat fugiat omnis et minima at nostrum quo.', 1, '2019-08-27 08:48:51', '2019-08-27 08:48:51'),
(100, 16, 'Alec Dietrich', 'Vel similique voluptatem iure rerum. Rerum quo suscipit aliquam eum enim omnis eos. Nam exercitationem praesentium necessitatibus sint. Suscipit incidunt nisi autem ut dolore. Porro nam cum sint eius.', 4, '2019-08-27 08:48:51', '2019-08-27 08:48:51'),
(101, 48, 'Bernie Zieme', 'Autem beatae est et eum facere reprehenderit corporis. Vel quibusdam voluptatem facere temporibus est aliquid ea. Sint ullam facere non natus.', 4, '2019-08-27 08:48:51', '2019-08-27 08:48:51'),
(102, 4, 'Bernie Jenkins', 'Perferendis et quo rerum. Veritatis esse enim consectetur recusandae a laboriosam quia. Corporis qui quis eos.', 5, '2019-08-27 08:48:51', '2019-08-27 08:48:51'),
(103, 22, 'Kyleigh Grimes Jr.', 'Itaque similique optio repudiandae fugit sunt. Quisquam ex impedit laborum sit quia. Quam ea veritatis quia est non voluptatem.', 2, '2019-08-27 08:48:51', '2019-08-27 08:48:51'),
(104, 8, 'Jaunita Turcotte', 'Doloremque et magnam voluptate voluptas alias ea. Voluptatibus quaerat sit rerum omnis impedit aut eveniet sunt. Deleniti incidunt ea corrupti tempora.', 4, '2019-08-27 08:48:51', '2019-08-27 08:48:51'),
(105, 31, 'Bell Veum', 'Totam eos magnam provident consequatur illo perspiciatis. Voluptatem quos ipsum eum adipisci esse quisquam consequatur. Aut sequi eaque temporibus. Velit error aut esse sit facere nulla.', 1, '2019-08-27 08:48:51', '2019-08-27 08:48:51'),
(106, 20, 'Uriah Runte', 'Deserunt eum non mollitia recusandae voluptates. Et aspernatur non dolore voluptatem inventore voluptatem. Ipsum veritatis sunt nulla ratione nam tenetur natus.', 4, '2019-08-27 08:48:51', '2019-08-27 08:48:51'),
(107, 40, 'Dr. Noemi Hermann III', 'Molestias laboriosam quisquam nobis nostrum doloribus. Aspernatur optio vel sequi velit. Nesciunt laboriosam assumenda veniam molestias velit. Assumenda dicta temporibus quisquam.', 3, '2019-08-27 08:48:51', '2019-08-27 08:48:51'),
(108, 31, 'Riley Deckow I', 'Numquam omnis quos dolor omnis aspernatur in quis est. Totam harum eum perferendis sit hic molestiae maiores.', 2, '2019-08-27 08:48:51', '2019-08-27 08:48:51'),
(109, 29, 'Ruthie McCullough', 'Inventore minima voluptatem et sunt quasi voluptatibus consectetur. Quia in minima ut aliquam ratione recusandae impedit. Non ipsum ipsam illum minima quidem.', 5, '2019-08-27 08:48:51', '2019-08-27 08:48:51'),
(110, 7, 'Ms. Pattie Smitham Sr.', 'Ea repellendus veniam assumenda aliquid dolorum ipsum. Ipsa occaecati rerum fugit aut et. Beatae in necessitatibus rerum nihil quis et qui.', 3, '2019-08-27 08:48:51', '2019-08-27 08:48:51'),
(111, 20, 'Mrs. Jacquelyn Douglas', 'Saepe et nostrum dolorem officia non. Sed voluptates officia id suscipit consequuntur aut rerum.', 1, '2019-08-27 08:48:51', '2019-08-27 08:48:51'),
(112, 14, 'Miss Eve Heller', 'Expedita quo nulla qui beatae. Qui ut ut ad. Omnis et autem numquam autem.', 3, '2019-08-27 08:48:51', '2019-08-27 08:48:51'),
(113, 10, 'Dr. Garret Stiedemann II', 'Explicabo ut et corrupti sed rem. Est quia unde est architecto totam atque. Nulla praesentium sapiente non illum totam porro eveniet voluptate.', 5, '2019-08-27 08:48:51', '2019-08-27 08:48:51'),
(114, 13, 'Prof. Jerad Corkery', 'Numquam ut at quam accusantium. Et quo aut pariatur deserunt.', 5, '2019-08-27 08:48:51', '2019-08-27 08:48:51'),
(115, 22, 'Prof. Camila Hartmann', 'Reprehenderit sequi quae placeat ipsam voluptas fuga accusamus. Sunt repellendus est eligendi.', 1, '2019-08-27 08:48:51', '2019-08-27 08:48:51'),
(116, 35, 'Louisa Rutherford', 'Laboriosam et aliquam vitae perferendis unde. Et reprehenderit molestias nostrum. Necessitatibus consequuntur molestias ducimus qui libero. Eaque est autem voluptate saepe autem voluptas.', 4, '2019-08-27 08:48:51', '2019-08-27 08:48:51'),
(117, 30, 'Darius Schiller DDS', 'Molestiae harum rerum molestiae quam. Impedit ut magnam quaerat fuga sit aut consequatur. Veritatis natus est soluta deserunt sit voluptatum. Odit voluptates eos distinctio ad repellendus dolorem.', 1, '2019-08-27 08:48:51', '2019-08-27 08:48:51'),
(118, 32, 'Prof. Bud Stanton Jr.', 'Vitae perferendis aut qui qui eligendi. Quia laboriosam excepturi impedit cum illo voluptatibus et. Esse illo veritatis aut et. Facilis quia error praesentium nulla voluptate eligendi. Laboriosam molestiae laborum aliquid eum ea quasi soluta.', 1, '2019-08-27 08:48:51', '2019-08-27 08:48:51'),
(119, 7, 'Moses Bernhard', 'Quo et nam dignissimos est inventore quia. Esse facilis magni eos totam ullam dolore. Impedit laudantium cupiditate rem atque labore enim vitae. Labore optio magni maxime reprehenderit voluptas.', 1, '2019-08-27 08:48:51', '2019-08-27 08:48:51'),
(120, 15, 'Robin Crona', 'Rerum animi cum quos consequuntur voluptatem et. Laborum repellendus deserunt beatae iste. Et blanditiis et voluptate omnis vero rerum numquam. Reprehenderit rerum sint autem aut nihil totam.', 3, '2019-08-27 08:48:51', '2019-08-27 08:48:51'),
(121, 9, 'Amalia Reilly III', 'Aspernatur rerum quos sint. Illo assumenda sapiente quasi maxime. Voluptatibus sint voluptatem sint.', 5, '2019-08-27 08:48:51', '2019-08-27 08:48:51'),
(122, 1, 'Rubie Emmerich', 'Cumque molestiae accusamus illo maiores molestias. Dolor est aut voluptate cupiditate. Corrupti praesentium modi quibusdam numquam qui aperiam. Sed harum iste officia dolore eos non ea.', 2, '2019-08-27 08:48:51', '2019-08-27 08:48:51'),
(123, 27, 'Asia Maggio IV', 'Voluptatibus est nisi facere sit. Nam consectetur natus optio maiores pariatur. Cumque quo eum nulla deleniti libero culpa.', 1, '2019-08-27 08:48:51', '2019-08-27 08:48:51'),
(124, 12, 'Leta O\'Kon', 'Consectetur nesciunt aut quod distinctio. Suscipit eum atque perferendis nihil quisquam in minima. Minima illo inventore amet sit assumenda nisi maxime. Provident aut rerum et non quis et. Et doloribus et voluptatem.', 1, '2019-08-27 08:48:51', '2019-08-27 08:48:51'),
(125, 45, 'Mr. Nathen Smitham V', 'Et minus tenetur nisi totam qui distinctio. Enim repudiandae voluptatem ut temporibus quasi. Soluta ut excepturi id dolorem ducimus sint non. Explicabo libero sit assumenda aliquid aut fuga. Sed pariatur repudiandae eos qui quo minus.', 1, '2019-08-27 08:48:51', '2019-08-27 08:48:51'),
(126, 19, 'Elena Strosin', 'Sit labore vitae dolores laborum sed quisquam tempora. Aliquid est qui possimus aut. Consectetur unde tempora sit id id et architecto. Sapiente facilis earum et tempora enim enim dolorem.', 1, '2019-08-27 08:48:51', '2019-08-27 08:48:51'),
(127, 2, 'Shannon Reichert MD', 'Fugit atque non corrupti dolores accusamus. Non laboriosam occaecati alias voluptatem ut inventore ullam. Et repellat voluptatibus enim possimus corrupti. Doloribus aut animi repellat vel vel ut assumenda.', 3, '2019-08-27 08:48:51', '2019-08-27 08:48:51'),
(128, 40, 'Prof. Mary Ondricka V', 'Dolor nihil eum odit doloremque ut. Quia corrupti ut nobis quidem. Exercitationem sapiente quia commodi ea.', 1, '2019-08-27 08:48:51', '2019-08-27 08:48:51'),
(129, 28, 'Antwan Hodkiewicz', 'Ea nostrum culpa eos commodi. Pariatur fugit laudantium quia nostrum. Qui dolores aliquam delectus rerum dolore mollitia possimus. Ipsa ullam fugiat veritatis autem aspernatur.', 1, '2019-08-27 08:48:51', '2019-08-27 08:48:51'),
(130, 7, 'Gaetano Daniel Jr.', 'Assumenda totam nihil delectus officia iste debitis. Vel ullam commodi esse sit consequatur beatae. Eaque quisquam tempora aliquam illum ratione asperiores ex.', 5, '2019-08-27 08:48:51', '2019-08-27 08:48:51'),
(131, 47, 'Prof. Nelda Beahan', 'Consequatur alias esse ut corporis. Natus rerum nam veniam culpa qui in. Dolorum voluptatem minus eum a rem in repellat ut.', 5, '2019-08-27 08:48:51', '2019-08-27 08:48:51'),
(132, 45, 'Prof. Bret O\'Connell PhD', 'Vero quibusdam soluta voluptatem ea. Eum odit exercitationem voluptatem inventore reiciendis natus. Aut mollitia enim vero.', 5, '2019-08-27 08:48:51', '2019-08-27 08:48:51'),
(133, 4, 'Gerhard Bogisich IV', 'Eum esse sequi corporis id sit. Cumque quos dolores ut dolores distinctio accusantium.', 2, '2019-08-27 08:48:51', '2019-08-27 08:48:51'),
(134, 13, 'Ms. Pat Little PhD', 'Excepturi libero reiciendis sunt necessitatibus. Velit aperiam aliquid vitae sed. Facilis esse distinctio neque quia corporis et ea. Repellendus quis accusantium quam ipsa et magni quisquam.', 1, '2019-08-27 08:48:51', '2019-08-27 08:48:51'),
(135, 11, 'Lucile Kuphal', 'Ipsa consequatur voluptas fugit deserunt sit dignissimos. Sunt quia et quia dolore fuga. Eligendi quia et et blanditiis at reiciendis.', 3, '2019-08-27 08:48:51', '2019-08-27 08:48:51'),
(136, 15, 'Rogers Cruickshank', 'Ex necessitatibus quasi maxime. Minus ut et non est magni nihil. Consequatur et non quia quos omnis dignissimos culpa.', 1, '2019-08-27 08:48:51', '2019-08-27 08:48:51'),
(137, 27, 'Mrs. Lacy Mraz IV', 'Sint perspiciatis incidunt tempore consequatur non. Hic ut cupiditate non occaecati qui. Nesciunt eaque neque aut consectetur expedita magnam magnam. Rerum modi aut voluptas explicabo quia dolor.', 2, '2019-08-27 08:48:51', '2019-08-27 08:48:51'),
(138, 11, 'Abby Collier', 'Nobis ut eius praesentium ipsum et dolorem. Voluptatibus enim in saepe totam eos deleniti. Velit ut minima repudiandae consequatur laudantium delectus rerum a.', 1, '2019-08-27 08:48:51', '2019-08-27 08:48:51'),
(139, 24, 'Elise Botsford DDS', 'Consequatur velit earum deserunt. Vitae vel quas necessitatibus voluptate aut. Non exercitationem aliquid ullam totam sunt harum officia.', 4, '2019-08-27 08:48:51', '2019-08-27 08:48:51'),
(140, 39, 'Jamir Frami I', 'Accusamus ipsum ut maiores necessitatibus. Aut temporibus fugit aliquid quo vitae officia quasi. Facere minus in sit blanditiis mollitia et nihil. Omnis inventore possimus provident accusantium adipisci qui exercitationem omnis.', 1, '2019-08-27 08:48:51', '2019-08-27 08:48:51'),
(141, 37, 'Meghan Lebsack', 'Occaecati quasi itaque sequi culpa architecto quis. Autem aut quia vitae eos quo. Accusamus ipsum repellat ipsa vero voluptatibus impedit. Magnam ullam illo hic.', 3, '2019-08-27 08:48:51', '2019-08-27 08:48:51'),
(142, 24, 'Laila Gerlach', 'Et quia maxime iste quidem. Quas rerum similique in molestiae error sed explicabo. Atque blanditiis qui culpa quasi neque. Ipsam sunt soluta qui corrupti quia voluptas veritatis.', 5, '2019-08-27 08:48:51', '2019-08-27 08:48:51'),
(143, 45, 'Allene Gislason', 'Blanditiis minus error incidunt totam id odio. Eos sint cupiditate necessitatibus assumenda labore consequatur rem. Quaerat maxime neque ex sit corrupti consequuntur. Sunt dolores labore voluptatum.', 3, '2019-08-27 08:48:51', '2019-08-27 08:48:51'),
(144, 26, 'Dr. Vincent Rosenbaum V', 'Reiciendis id natus reiciendis cupiditate omnis. At dolores voluptatem molestias quia occaecati. Quia consequatur sint minus dolorum.', 4, '2019-08-27 08:48:51', '2019-08-27 08:48:51'),
(145, 39, 'Elvie Schultz', 'Accusamus quisquam expedita perspiciatis sit. Aliquid officia qui debitis sunt. Laboriosam qui nobis qui eaque fuga minima. Qui sit necessitatibus dolores temporibus.', 3, '2019-08-27 08:48:51', '2019-08-27 08:48:51'),
(146, 36, 'Eula Fritsch', 'Nulla exercitationem eos delectus dolor quia. Voluptatem ab aliquam et ut qui veritatis. Rerum facilis omnis et rerum. Enim sit enim itaque sint ratione.', 4, '2019-08-27 08:48:51', '2019-08-27 08:48:51'),
(147, 36, 'Ben Boehm', 'Ut sint ut tenetur eveniet. Libero recusandae in est quidem libero. Ex non et velit vitae. In quaerat alias tenetur nulla porro.', 5, '2019-08-27 08:48:51', '2019-08-27 08:48:51'),
(148, 41, 'Monserrate Hoppe', 'Aut beatae ipsum est qui nulla. Maxime modi porro itaque quibusdam a soluta magnam. Voluptas itaque repellendus cupiditate aut reiciendis dolor. Est omnis illo excepturi dolor et qui. Cupiditate explicabo eius sit quia qui dolores tempora.', 1, '2019-08-27 08:48:51', '2019-08-27 08:48:51'),
(149, 4, 'Miss Nadia Leuschke III', 'Quod voluptatem qui veniam repellendus ab saepe et quis. Modi quia in fugit earum vero quam temporibus. Voluptas magni et sint praesentium.', 3, '2019-08-27 08:48:51', '2019-08-27 08:48:51'),
(150, 27, 'Marjorie Mitchell PhD', 'Veniam veniam dolor qui. Necessitatibus non dolor excepturi. Perferendis vel est minima voluptas quibusdam.', 3, '2019-08-27 08:48:51', '2019-08-27 08:48:51'),
(151, 47, 'Augusta Sporer', 'Et sapiente omnis voluptate ab. Ab consequuntur voluptas illum reprehenderit veniam qui. Harum neque et praesentium sed.', 3, '2019-08-27 08:48:51', '2019-08-27 08:48:51'),
(152, 41, 'Eleanore Ondricka', 'Sed ut praesentium placeat sunt eum qui deleniti. Eligendi non repudiandae ut quam quos. Et error nemo laborum fugit. Quibusdam ut nesciunt numquam deleniti.', 2, '2019-08-27 08:48:51', '2019-08-27 08:48:51'),
(153, 45, 'Mrs. Graciela Friesen', 'Officia aut maiores labore saepe. Earum quos possimus voluptatem. Voluptatem eum amet sequi laudantium.', 1, '2019-08-27 08:48:51', '2019-08-27 08:48:51'),
(154, 10, 'Mrs. Aylin Heidenreich', 'Nesciunt dolore impedit consequatur rerum et voluptate consequatur. Nemo quas molestiae reiciendis est et iusto. Reiciendis temporibus hic recusandae autem sint et. Ullam omnis non voluptatem ipsum repellendus id accusantium.', 5, '2019-08-27 08:48:51', '2019-08-27 08:48:51'),
(155, 45, 'Bert Littel', 'Consectetur odit at voluptatibus alias. Laborum facere et similique voluptatem aperiam. Est et natus itaque consequatur doloremque esse quod. Magni sequi ratione incidunt quod et nemo quibusdam.', 4, '2019-08-27 08:48:51', '2019-08-27 08:48:51'),
(156, 32, 'Prof. Annabel Schiller III', 'Earum voluptatem ea harum natus non et aut assumenda. Vel perspiciatis ratione inventore aut aut provident praesentium tempore. Qui dolor ut facilis voluptas non. Aut praesentium hic laudantium et accusamus rerum dolor.', 3, '2019-08-27 08:48:51', '2019-08-27 08:48:51'),
(157, 17, 'Kira Lueilwitz', 'Quia voluptatem rerum laborum commodi. Ut maiores similique ut repellendus. Excepturi ex quia fuga aut ex et. Optio ipsa incidunt et.', 1, '2019-08-27 08:48:51', '2019-08-27 08:48:51'),
(158, 42, 'Kurtis Carter', 'Similique illum quo ab rerum quos dolores et. Provident qui aliquam aut reiciendis architecto sint. Impedit adipisci commodi dignissimos asperiores molestias explicabo eius quas. Et repudiandae odit reiciendis ut alias aspernatur sunt.', 4, '2019-08-27 08:48:51', '2019-08-27 08:48:51'),
(159, 33, 'Hilton Effertz', 'A ex ut sunt molestiae animi repellendus est. Vel quod sit omnis laboriosam sit iure. Veniam dolor consequatur consectetur blanditiis aut ducimus corporis optio. Est labore ratione labore provident aut.', 2, '2019-08-27 08:48:51', '2019-08-27 08:48:51'),
(160, 36, 'Jerel Heathcote Sr.', 'Non assumenda eos asperiores similique ipsa perspiciatis. Incidunt eum et animi ut ut. Non voluptatem quis neque beatae quas reiciendis.', 3, '2019-08-27 08:48:51', '2019-08-27 08:48:51'),
(161, 28, 'Kayli Wolff IV', 'Est earum sed excepturi non autem distinctio vitae. Eos sed in adipisci iste necessitatibus ea. Dolores odio illo exercitationem qui in unde voluptas praesentium. Culpa harum ratione non autem.', 4, '2019-08-27 08:48:51', '2019-08-27 08:48:51'),
(162, 49, 'Monique Stark', 'Exercitationem quia blanditiis omnis itaque expedita. Illum vitae corporis eos aliquam animi quisquam.', 2, '2019-08-27 08:48:51', '2019-08-27 08:48:51'),
(163, 38, 'Mr. Noel Lang', 'Cum debitis tenetur quidem a magni. Deserunt ut doloremque velit iure nostrum ipsum. Et reprehenderit quia est vel consequatur.', 4, '2019-08-27 08:48:51', '2019-08-27 08:48:51'),
(164, 4, 'Tressie Maggio', 'Id veritatis aliquam quas sed temporibus. Sit fugit qui dolor deleniti minima quos. Voluptas voluptatibus quidem voluptas similique. Voluptas non perferendis consequatur eaque quis ipsam.', 3, '2019-08-27 08:48:51', '2019-08-27 08:48:51'),
(165, 22, 'Kirstin Windler', 'Aut in et ad recusandae. Velit possimus placeat maxime ratione quos iure. Ea sed vero ea. Quam autem sed ad tenetur tempora qui sapiente.', 4, '2019-08-27 08:48:51', '2019-08-27 08:48:51'),
(166, 8, 'Maia Ryan II', 'Officia vel maiores nisi. Vitae molestiae voluptatem ut sapiente sit dolor aut. Esse tempora magnam nam qui perferendis nam.', 1, '2019-08-27 08:48:51', '2019-08-27 08:48:51'),
(167, 50, 'Lonzo Pfeffer PhD', 'Fuga rerum repellendus ad non hic beatae sint. Libero est iusto est voluptatem. Nostrum ab libero maiores rem aperiam blanditiis atque. Quidem non ut non. Laborum dolores aut dolorem corrupti aliquid veniam et.', 1, '2019-08-27 08:48:51', '2019-08-27 08:48:51'),
(168, 2, 'Dr. Caesar Prohaska', 'Quibusdam deleniti qui vel rem aut excepturi. Minus fuga repellat dolore rerum velit. Maxime nulla sint ut voluptatibus officiis qui dolorem.', 4, '2019-08-27 08:48:51', '2019-08-27 08:48:51'),
(169, 21, 'Dr. Lilliana Hodkiewicz', 'Rerum reprehenderit et aut sed earum animi iste. Quia distinctio nihil ut. Animi eaque sapiente id voluptates sapiente suscipit provident ut. Quia aspernatur et rerum repudiandae qui molestiae.', 5, '2019-08-27 08:48:51', '2019-08-27 08:48:51'),
(170, 42, 'Miss Sunny Olson DDS', 'Dignissimos vero doloribus sed voluptate ipsam rem labore. Voluptatem quo exercitationem et natus sint. Et sed inventore dolore odit sequi voluptatem suscipit. Et facere sequi quia adipisci repellat sed.', 4, '2019-08-27 08:48:51', '2019-08-27 08:48:51'),
(171, 4, 'Alexanne Grant II', 'Voluptatem placeat sint natus et. Nam ratione est occaecati. Ducimus dolorem est eum in enim voluptates eum. A explicabo quia itaque aut maiores quisquam.', 2, '2019-08-27 08:48:51', '2019-08-27 08:48:51'),
(172, 42, 'Joel Huel', 'Modi magnam et at voluptatem quaerat harum. Ut atque molestias ut recusandae praesentium sapiente. Molestias quis a atque sint laboriosam.', 2, '2019-08-27 08:48:51', '2019-08-27 08:48:51'),
(173, 28, 'Carolyne Gutkowski', 'Eligendi aut quis ut aut id deleniti. Dolore dolorem incidunt blanditiis dolore et neque sit. Et quisquam reprehenderit voluptatem in sint. Aut commodi sunt reprehenderit rem.', 5, '2019-08-27 08:48:51', '2019-08-27 08:48:51'),
(174, 33, 'Iva VonRueden', 'Consequatur consequatur sapiente dolores nam. Ea voluptas blanditiis sed voluptatem. Accusamus magnam dolores ab nobis. Debitis sequi omnis accusamus rerum ab voluptates.', 2, '2019-08-27 08:48:51', '2019-08-27 08:48:51'),
(175, 26, 'Santa Wilderman', 'Accusamus ut voluptas officia autem eligendi. Sunt veritatis odio ut iste optio. Aliquid rem ullam expedita quis.', 3, '2019-08-27 08:48:51', '2019-08-27 08:48:51'),
(176, 37, 'Kaylin Hettinger', 'Esse et voluptate eum sint quia fugit rerum. Voluptatem quas repudiandae aut voluptatem.', 2, '2019-08-27 08:48:51', '2019-08-27 08:48:51'),
(177, 16, 'Raul Mertz', 'Officiis iusto non voluptatem. Aperiam reiciendis beatae iste asperiores occaecati omnis. Sed ut ut pariatur minus sapiente quia quia.', 2, '2019-08-27 08:48:51', '2019-08-27 08:48:51'),
(178, 27, 'Amira Wilderman', 'Deleniti dolor sit et omnis. Officiis voluptatum cum nihil et recusandae reiciendis. Dolores voluptates quod omnis rerum nesciunt suscipit.', 1, '2019-08-27 08:48:51', '2019-08-27 08:48:51'),
(179, 15, 'Rosalind Wisoky I', 'Sed sit ut blanditiis. Et adipisci enim voluptatem debitis voluptatem. A nihil nam ab. Reiciendis maxime debitis error et fugiat aliquam impedit. Et voluptate ea et rerum illum quam similique in.', 3, '2019-08-27 08:48:51', '2019-08-27 08:48:51'),
(180, 6, 'Mr. Lucius Boyle II', 'Aut rerum expedita eum. Alias dolore sapiente saepe sit praesentium facilis. Ea repudiandae magni temporibus. Nesciunt deserunt recusandae quasi eius animi vitae aut ut.', 1, '2019-08-27 08:48:51', '2019-08-27 08:48:51'),
(181, 28, 'Prof. Bill Jacobi', 'Sunt enim illum quod molestiae. Amet minima ab deleniti nam aspernatur consequatur error. Quia magnam amet deleniti ipsum consectetur.', 5, '2019-08-27 08:48:51', '2019-08-27 08:48:51'),
(182, 50, 'Maud Crona', 'Et quis qui quas delectus iste. Quam autem distinctio at doloremque.', 2, '2019-08-27 08:48:51', '2019-08-27 08:48:51'),
(183, 1, 'Prof. Ryann McGlynn', 'Amet ea qui non. Adipisci dolores ut qui iure alias sed quis. Eveniet dolores consequatur quas omnis veniam consequatur. Doloribus quod autem a culpa unde.', 1, '2019-08-27 08:48:51', '2019-08-27 08:48:51'),
(184, 22, 'Sally Goldner', 'In magni et optio aut et est vel. Voluptas velit officia harum voluptatem impedit. Reiciendis aut aut eos.', 2, '2019-08-27 08:48:51', '2019-08-27 08:48:51'),
(185, 19, 'Rowena Bartoletti', 'Molestiae ipsam non quis culpa provident qui quod. Veritatis et provident nihil eum adipisci exercitationem.', 1, '2019-08-27 08:48:51', '2019-08-27 08:48:51'),
(186, 28, 'Mr. Nicolas Price', 'In eos quas nulla quaerat nihil. Natus expedita id cumque natus eum sed ipsa. Est ut consequatur veniam numquam.', 4, '2019-08-27 08:48:51', '2019-08-27 08:48:51'),
(187, 21, 'Dr. Mike Ratke DDS', 'Id laborum ullam aliquam aut voluptatem sunt. Doloribus officia blanditiis provident laborum. Ut nulla ea repudiandae molestiae hic optio voluptatem nobis. Est vel distinctio enim quos.', 3, '2019-08-27 08:48:51', '2019-08-27 08:48:51'),
(188, 44, 'Victoria Padberg', 'In adipisci est dolores nam necessitatibus. Laudantium dolor in voluptatum reprehenderit quia dolorem. Quam eligendi tempore nobis et alias voluptate officiis doloribus.', 2, '2019-08-27 08:48:51', '2019-08-27 08:48:51'),
(189, 10, 'Alexzander Kunde', 'Error quasi ipsa rem rerum corrupti quae. Non minus autem blanditiis. In rerum aspernatur expedita vel in omnis. Sed mollitia eaque possimus voluptatem est accusantium ratione.', 1, '2019-08-27 08:48:51', '2019-08-27 08:48:51'),
(190, 48, 'Otha Powlowski', 'Aut distinctio cupiditate animi et labore aut quo. Deserunt sapiente quo tempore eum vitae at. Aliquid repellat perspiciatis rem voluptatibus assumenda et est impedit.', 1, '2019-08-27 08:48:51', '2019-08-27 08:48:51'),
(191, 33, 'Britney Kuhic', 'Eveniet neque impedit aut corporis. Sequi excepturi nihil illo totam autem facilis. Quod expedita quis minus. Debitis ad ipsa animi ipsa quas.', 2, '2019-08-27 08:48:51', '2019-08-27 08:48:51'),
(192, 4, 'Emmie Rutherford MD', 'Ipsam eaque ab in adipisci porro error. Sit qui et quibusdam veniam consequatur necessitatibus. Voluptatem eaque maiores delectus repudiandae voluptate sint error. Veniam exercitationem aut deleniti quae eos nam quo.', 5, '2019-08-27 08:48:51', '2019-08-27 08:48:51'),
(193, 34, 'Dr. Austin Zemlak', 'Magni enim ut eum qui. Cum ipsa et magnam incidunt. Odit dignissimos quae numquam occaecati aut.', 5, '2019-08-27 08:48:51', '2019-08-27 08:48:51'),
(194, 34, 'Mrs. Felicity Mayert', 'Voluptas et voluptates officia iusto. Ut et officiis voluptas voluptates. Qui repellendus perferendis qui laudantium. Quibusdam fugiat alias neque inventore.', 2, '2019-08-27 08:48:51', '2019-08-27 08:48:51'),
(195, 18, 'Malinda Wehner', 'Et labore aut saepe. Magni id iusto et inventore quia omnis omnis. Consequatur dolorum ex deserunt dolorem.', 1, '2019-08-27 08:48:51', '2019-08-27 08:48:51'),
(196, 33, 'Ms. Felipa Hammes', 'Eius molestias adipisci voluptate ut maxime aut quo. Voluptates quas explicabo laudantium ducimus recusandae maxime. Quos laboriosam exercitationem placeat quaerat.', 5, '2019-08-27 08:48:51', '2019-08-27 08:48:51'),
(197, 35, 'Mr. Baron Nienow', 'Est ea vero ex sequi. Ut autem ut cupiditate deleniti temporibus consequatur. Quia at et blanditiis cupiditate veritatis. Eaque quia rem accusantium dolores ipsam doloribus sit.', 2, '2019-08-27 08:48:51', '2019-08-27 08:48:51'),
(198, 36, 'Dr. Alysson Moore', 'Asperiores inventore error qui. Atque nostrum esse sint explicabo fuga ut. Qui ab fuga a amet.', 3, '2019-08-27 08:48:51', '2019-08-27 08:48:51'),
(199, 16, 'Dawson Kemmer', 'Voluptas reiciendis at et ipsum distinctio sapiente et. Dolorem cupiditate in et est. Ut iusto velit architecto quo reiciendis adipisci perferendis velit.', 5, '2019-08-27 08:48:51', '2019-08-27 08:48:51'),
(200, 6, 'Ms. Lera Kuphal', 'Qui quo assumenda voluptas ut at. Ipsam et recusandae architecto inventore ut non. Enim id distinctio odio fuga ut.', 4, '2019-08-27 08:48:51', '2019-08-27 08:48:51'),
(201, 37, 'Dr. Alf Stokes', 'Sint incidunt et est eos at iste aut. Aperiam laboriosam deleniti nihil adipisci autem incidunt. Rerum inventore laborum quo nihil tempora. Tenetur harum et corrupti porro ullam.', 2, '2019-08-27 08:48:51', '2019-08-27 08:48:51'),
(202, 23, 'Kolby Cremin', 'Voluptates magni non et tempora necessitatibus. Voluptas aut nihil qui. Similique qui magnam illum amet dolorem perferendis ut. Dolor mollitia eveniet voluptatibus quia.', 4, '2019-08-27 08:48:51', '2019-08-27 08:48:51'),
(203, 28, 'Pinkie Mayert', 'Pariatur fuga iure eos mollitia beatae distinctio et. Et assumenda at eveniet odit. Rerum voluptas doloribus voluptatem dolorem. Eum fugit quam expedita ut velit. Deleniti repellendus vel in saepe.', 1, '2019-08-27 08:48:51', '2019-08-27 08:48:51'),
(204, 6, 'Daija Kunde I', 'Consectetur ut possimus sit at neque officia. Quis doloremque voluptas suscipit voluptas. Hic sit qui numquam et voluptas enim aut.', 5, '2019-08-27 08:48:51', '2019-08-27 08:48:51'),
(205, 24, 'Maryse Mayert', 'Non perspiciatis veritatis sunt eaque explicabo quis id. Et cupiditate aspernatur excepturi quo.', 4, '2019-08-27 08:48:51', '2019-08-27 08:48:51'),
(206, 21, 'Kiara Hermiston', 'Et sit eum velit omnis. Cupiditate dolorem aspernatur omnis exercitationem eligendi. Sunt aspernatur occaecati qui aliquam. Accusantium architecto laborum et quia.', 4, '2019-08-27 08:48:51', '2019-08-27 08:48:51'),
(207, 42, 'Ian Langworth IV', 'Ducimus aut minus quod deserunt atque. Nulla tempora amet vel cumque exercitationem. Doloremque quisquam consequatur debitis dolorem nihil veritatis est. Sunt consectetur et laudantium et.', 4, '2019-08-27 08:48:51', '2019-08-27 08:48:51'),
(208, 22, 'Brooks Emmerich', 'Placeat sunt dignissimos alias qui. Et eos dolor incidunt id eaque. Earum atque ea est eligendi nihil cupiditate ex.', 3, '2019-08-27 08:48:51', '2019-08-27 08:48:51'),
(209, 3, 'Prof. Jackson Mann', 'Quis voluptas error provident ut quia et. Modi est quam vitae quod id totam. Et ut qui vel iure recusandae beatae.', 2, '2019-08-27 08:48:51', '2019-08-27 08:48:51'),
(210, 16, 'Erick Hintz', 'Deserunt magni et sed. Molestias aut delectus nesciunt vitae eius sunt. Debitis dolore in illum aliquid reiciendis labore a. Et temporibus placeat et repudiandae laborum quia.', 4, '2019-08-27 08:48:51', '2019-08-27 08:48:51'),
(211, 44, 'Dr. Bobby Satterfield DVM', 'Voluptatem vel id quia et corrupti perferendis. Ipsa tempora dolorum dolorum nulla. Ut et magni eaque quis aliquam in.', 3, '2019-08-27 08:48:51', '2019-08-27 08:48:51');
INSERT INTO `reviews` (`id`, `product_id`, `customer`, `review`, `star`, `created_at`, `updated_at`) VALUES
(212, 14, 'Vivianne Leuschke', 'Quo impedit maiores quis deserunt distinctio aut. Corporis animi assumenda soluta nihil architecto impedit saepe.', 5, '2019-08-27 08:48:51', '2019-08-27 08:48:51'),
(213, 11, 'Dr. Delbert Metz', 'Nam magni laudantium quae commodi quasi nulla. Dolores atque sed nam nostrum.', 1, '2019-08-27 08:48:51', '2019-08-27 08:48:51'),
(214, 27, 'Darien Ferry', 'Aperiam laborum officiis quia. Consequuntur nostrum dignissimos officiis et.', 4, '2019-08-27 08:48:51', '2019-08-27 08:48:51'),
(215, 49, 'Mr. Wilmer Purdy PhD', 'Voluptates quo sunt corporis nemo ipsa ut. Magni laudantium sed dolore eveniet natus eius. Temporibus sed quo laboriosam quo quod. Qui nostrum eos ut soluta dolorem.', 4, '2019-08-27 08:48:51', '2019-08-27 08:48:51'),
(216, 39, 'Tyler Robel', 'Deleniti necessitatibus est ea hic corporis. Consectetur est sed voluptatem eligendi rem ut autem assumenda. Nam quis repellat ex veritatis nam architecto. Ad nihil possimus dignissimos optio odio dolorum voluptatem.', 4, '2019-08-27 08:48:51', '2019-08-27 08:48:51'),
(217, 37, 'Mrs. Leila Hoeger', 'Laudantium dolor voluptas praesentium tenetur beatae eum vel. Dolore quis sunt quas nulla. Voluptas animi in quam non reprehenderit.', 1, '2019-08-27 08:48:51', '2019-08-27 08:48:51'),
(218, 9, 'Miss Maryse Nader MD', 'Perferendis explicabo dolor distinctio officia provident. Accusantium odit facere modi maiores quia consequatur.', 3, '2019-08-27 08:48:51', '2019-08-27 08:48:51'),
(219, 47, 'Aidan Moen', 'Dolorum nisi reiciendis in nostrum sed. Tenetur aut labore atque aut rerum et nemo cumque. Assumenda eveniet est modi impedit esse. Sit provident et repellendus est voluptatem officia tempora.', 5, '2019-08-27 08:48:51', '2019-08-27 08:48:51'),
(220, 50, 'Bulah Funk', 'Nihil earum iure perferendis reprehenderit corporis sit. Eum quidem nobis et rerum numquam qui. Aspernatur praesentium sed ipsam in pariatur accusamus quia aliquam.', 1, '2019-08-27 08:48:51', '2019-08-27 08:48:51'),
(221, 38, 'Prof. Nathanial Gerhold MD', 'Neque et et voluptatum perspiciatis quia. Ipsa et cumque est labore ipsum corporis. Inventore impedit quis voluptas quia impedit blanditiis alias minima. Neque dolor distinctio velit consequatur aspernatur excepturi impedit architecto.', 5, '2019-08-27 08:48:51', '2019-08-27 08:48:51'),
(222, 15, 'Prof. Theresia Howell', 'Voluptate id in quas esse earum. Sint quo odit vitae rerum molestiae totam. Id tenetur in in nihil eveniet dolorem mollitia. Odit assumenda veritatis nisi accusantium omnis minus.', 5, '2019-08-27 08:48:51', '2019-08-27 08:48:51'),
(223, 12, 'Miss Abbigail Barton', 'Quidem quia cumque doloremque et. In voluptatibus magnam dolore magni harum. Consequatur quam vel vero aliquam. Omnis et laudantium iure laboriosam.', 5, '2019-08-27 08:48:51', '2019-08-27 08:48:51'),
(224, 44, 'Jaden Willms', 'Amet incidunt blanditiis soluta praesentium magnam sapiente dolor. Iste magnam tempore rerum vitae dolorum. Quidem esse impedit provident eligendi eos tempora quaerat.', 4, '2019-08-27 08:48:51', '2019-08-27 08:48:51'),
(225, 48, 'Kaylin Buckridge', 'Dolores modi repellendus incidunt. Et sunt ea repellat. Similique voluptatem qui repellat asperiores sequi et.', 3, '2019-08-27 08:48:51', '2019-08-27 08:48:51'),
(226, 9, 'Brielle Turcotte', 'Quia nesciunt at non ut nesciunt error possimus. Officiis est in voluptates cupiditate deleniti. Velit quis ipsam non ut quam perferendis ab.', 1, '2019-08-27 08:48:51', '2019-08-27 08:48:51'),
(227, 8, 'Delphia Konopelski', 'Ut iure velit qui iste quibusdam. Error facilis nostrum enim delectus non cumque asperiores. Ratione quia voluptatem laborum dolor. Natus ab distinctio accusamus voluptatum id.', 5, '2019-08-27 08:48:51', '2019-08-27 08:48:51'),
(228, 39, 'Alexie Feeney', 'Quo id ipsam ducimus explicabo placeat quas odio. Sunt facere veritatis possimus eos laboriosam rem. Minus accusamus quas ut reiciendis qui culpa.', 4, '2019-08-27 08:48:51', '2019-08-27 08:48:51'),
(229, 12, 'Dr. Noemi Sanford DDS', 'Quos qui veniam sunt natus. Exercitationem et mollitia qui dolores. Accusantium et labore animi est ut aspernatur. Nobis incidunt quia tempore nulla id harum maiores.', 4, '2019-08-27 08:48:51', '2019-08-27 08:48:51'),
(230, 43, 'Ms. Dixie Rath', 'Magnam illo sit aut illo autem saepe dolores. Eos eaque qui nulla unde est sequi et. Modi dolorum enim laboriosam ea aut aut aut cumque. Praesentium est iure itaque voluptatibus voluptas voluptatem esse tempora. Possimus et nobis repellendus molestias facilis.', 5, '2019-08-27 08:48:51', '2019-08-27 08:48:51'),
(231, 27, 'Edna Konopelski', 'Et sed qui est ipsum. Eum quasi id voluptates et occaecati. Quia saepe ipsa eum aut fugit quod. Earum quis ad accusamus sint suscipit error.', 5, '2019-08-27 08:48:51', '2019-08-27 08:48:51'),
(232, 32, 'Prof. Godfrey Yundt I', 'Voluptatem non vel hic excepturi animi tenetur. Praesentium commodi sit doloribus asperiores ex consequatur architecto a. Quas recusandae aut eum aut.', 3, '2019-08-27 08:48:51', '2019-08-27 08:48:51'),
(233, 5, 'Darrel Becker', 'Quo ipsa natus rerum officia sapiente. Sed sunt odio harum voluptas iste iure omnis id. Voluptatem reprehenderit inventore odio ipsa cupiditate aut nulla soluta.', 5, '2019-08-27 08:48:51', '2019-08-27 08:48:51'),
(234, 42, 'Opal Batz', 'Nemo quod iusto dolorum ut officia. Consequuntur ut quod quaerat et quis eveniet iste. Voluptatem autem vero dolor impedit sapiente. Voluptatem fugiat autem in ut placeat rerum aperiam maxime. Corporis culpa dolorum eos illo.', 5, '2019-08-27 08:48:51', '2019-08-27 08:48:51'),
(235, 3, 'Prof. Christa Kiehn', 'Nemo enim at mollitia repudiandae enim. Facere qui est ex autem praesentium ducimus occaecati. Quia nostrum repellat omnis animi facilis et voluptas. Doloremque nobis ex necessitatibus dolor.', 1, '2019-08-27 08:48:51', '2019-08-27 08:48:51'),
(236, 44, 'Camille Lubowitz II', 'Suscipit dolorum qui aperiam asperiores natus et. In corrupti voluptate est vel inventore eius quidem. Numquam ea dolores sed delectus itaque sed.', 1, '2019-08-27 08:48:51', '2019-08-27 08:48:51'),
(237, 17, 'Ellen Kiehn', 'Non excepturi omnis totam voluptatum quia dignissimos ipsam. Laboriosam quos ut facilis voluptatum. Blanditiis qui libero doloremque aut.', 4, '2019-08-27 08:48:51', '2019-08-27 08:48:51'),
(238, 28, 'Raphaelle Nicolas', 'Velit et qui dolore et numquam. Quibusdam mollitia atque et quo quod quia sint. Commodi quisquam autem molestiae sunt aut omnis possimus.', 2, '2019-08-27 08:48:51', '2019-08-27 08:48:51'),
(239, 10, 'Mrs. Brisa Batz', 'Illum vel explicabo illum sed fuga. Mollitia dolorem quod dolorem rem ea inventore et labore. Enim vel consequatur nulla ut architecto vel rerum fugit. Animi voluptas cum et aspernatur temporibus et.', 1, '2019-08-27 08:48:51', '2019-08-27 08:48:51'),
(240, 18, 'Prof. Van Sauer', 'Vel et modi quia tempora aut impedit et. At provident accusamus doloremque hic ex. Accusamus est ipsam consectetur dicta et aut.', 4, '2019-08-27 08:48:51', '2019-08-27 08:48:51'),
(241, 10, 'Nathan Rowe', 'Consequatur amet facere fugiat. Fuga quae deserunt ullam numquam dolores recusandae atque. Reprehenderit vitae qui rem eaque maiores quo ut.', 2, '2019-08-27 08:48:51', '2019-08-27 08:48:51'),
(242, 9, 'Rickey Gislason Sr.', 'Eos molestiae quidem nisi totam. Minus dolorum voluptas sunt ut officiis iste est repudiandae.', 3, '2019-08-27 08:48:51', '2019-08-27 08:48:51'),
(243, 7, 'Keara Kreiger', 'Architecto veritatis nobis similique sed exercitationem alias. Et libero dignissimos consequatur quo ut odit non. Ipsam rem minus incidunt non eveniet qui. Non maiores fugit odit eaque.', 2, '2019-08-27 08:48:51', '2019-08-27 08:48:51'),
(244, 17, 'Maryjane Russel', 'Voluptatem pariatur natus accusantium et quis. Dolorum minima occaecati facere. Voluptatem voluptates reiciendis veritatis dolor. At dignissimos beatae recusandae nulla alias. Qui quod quidem consequatur omnis praesentium accusantium temporibus.', 1, '2019-08-27 08:48:51', '2019-08-27 08:48:51'),
(245, 26, 'Myriam Wiza', 'Nihil quia possimus quaerat qui. In possimus et harum excepturi enim est iusto.', 1, '2019-08-27 08:48:51', '2019-08-27 08:48:51'),
(246, 6, 'Alena Schmeler', 'Modi nisi consequatur molestias deleniti commodi dolor consequuntur. Rem nam adipisci rerum quam enim ducimus quidem et. Consequuntur beatae aperiam architecto molestias.', 5, '2019-08-27 08:48:51', '2019-08-27 08:48:51'),
(247, 35, 'Miss Verdie Considine I', 'Quas voluptatem velit consequuntur quos. Error rerum quo nulla ab minima id. Tempore officia consequatur soluta. Dolorem dolorum est magnam repellat voluptatem illo.', 2, '2019-08-27 08:48:51', '2019-08-27 08:48:51'),
(248, 47, 'Prof. Kolby Monahan', 'Illo eos ut nihil non ab. Odio consequuntur eveniet quis occaecati nam necessitatibus. Reiciendis earum nam architecto ad quaerat qui.', 3, '2019-08-27 08:48:51', '2019-08-27 08:48:51'),
(249, 20, 'Prof. Emiliano Ullrich DDS', 'Voluptatem ipsam voluptates corporis asperiores. Aut esse vel quos saepe similique.', 3, '2019-08-27 08:48:51', '2019-08-27 08:48:51'),
(250, 28, 'Ms. Cortney Lesch', 'Quisquam excepturi rerum sit dolore aut tempora at. Laudantium enim et ea eaque iusto dolore accusantium ut. Eum accusamus explicabo nisi delectus animi. Suscipit consequatur voluptatem consequatur quam.', 3, '2019-08-27 08:48:51', '2019-08-27 08:48:51'),
(251, 15, 'Sydnie Schmidt', 'Rem eum et sed repellat sed porro autem. Quia est sunt quo architecto maxime. Laboriosam omnis exercitationem aut nesciunt voluptas soluta unde at.', 3, '2019-08-27 08:48:51', '2019-08-27 08:48:51'),
(252, 32, 'Ole Brekke', 'Et magni ut quia dolorem. Expedita et doloremque cupiditate quis autem alias voluptatibus inventore. Sint facilis consectetur exercitationem qui. Sequi modi officiis sint sunt est autem cumque.', 3, '2019-08-27 08:48:51', '2019-08-27 08:48:51'),
(253, 46, 'Salma Cremin', 'Vitae eveniet delectus exercitationem vel. Fugiat ad unde dicta qui. Nesciunt a excepturi eveniet non labore voluptates. Molestiae pariatur dolores voluptatum praesentium unde.', 2, '2019-08-27 08:48:51', '2019-08-27 08:48:51'),
(254, 45, 'Raleigh Rohan', 'Rem quia earum illum. Est corrupti id suscipit. Omnis quas eos nobis fugit. Mollitia dignissimos earum aperiam quis cupiditate corporis dolorem.', 5, '2019-08-27 08:48:51', '2019-08-27 08:48:51'),
(255, 17, 'Prof. Consuelo Tromp', 'Quisquam mollitia quia tempore saepe labore fuga ab. Dicta aut qui nihil eos. Tempore in placeat velit officiis odit ab.', 5, '2019-08-27 08:48:51', '2019-08-27 08:48:51'),
(256, 41, 'Luis Morar', 'Enim nihil a corporis et. Error possimus doloremque optio eum minus. Accusamus eligendi qui ut velit necessitatibus perferendis et. Expedita recusandae quisquam cumque officia.', 5, '2019-08-27 08:48:51', '2019-08-27 08:48:51'),
(257, 30, 'Gordon Labadie', 'Saepe aut delectus aperiam sunt. Corporis sunt eos molestias ea. Est nemo maiores voluptatem minima tempore tempore expedita.', 4, '2019-08-27 08:48:51', '2019-08-27 08:48:51'),
(258, 50, 'Camron O\'Keefe Jr.', 'Magnam reiciendis quos non aut omnis fugit. Maxime officia sapiente possimus id. Expedita pariatur quis voluptatem aut sint iure. Molestiae autem reprehenderit voluptas minima ratione dignissimos.', 5, '2019-08-27 08:48:51', '2019-08-27 08:48:51'),
(259, 28, 'Emmet Mraz PhD', 'Fugit minus qui distinctio facere. Ut aliquam nihil a in. Enim dolorum ad quae sit voluptatem repellat quaerat enim. Ducimus autem cumque maxime ratione quibusdam.', 2, '2019-08-27 08:48:51', '2019-08-27 08:48:51'),
(260, 19, 'Kitty Kreiger II', 'Aspernatur autem nihil et doloremque ad praesentium. Ab molestias enim voluptatem quibusdam sed vitae. Omnis ut dolorem quisquam doloremque iure incidunt sit cum. Dolores sunt corrupti sed eius.', 2, '2019-08-27 08:48:51', '2019-08-27 08:48:51'),
(261, 41, 'Ulices Krajcik', 'Incidunt commodi et amet nam sint. Aspernatur quod qui suscipit architecto. Dolore quia et incidunt veritatis quas. Et consequuntur in quibusdam voluptas.', 1, '2019-08-27 08:48:51', '2019-08-27 08:48:51'),
(262, 41, 'Hilton Mohr II', 'Iusto esse debitis eius dignissimos nesciunt. Quod aliquid fugit nisi autem. Cumque corrupti tempore voluptas aut id molestias aliquam.', 2, '2019-08-27 08:48:51', '2019-08-27 08:48:51'),
(263, 48, 'Miss Rozella McClure Sr.', 'Eligendi et officia est numquam nam facilis inventore. Sint magnam asperiores voluptatibus odio ipsum non vel. Vel alias dicta labore velit voluptatum. Debitis assumenda asperiores molestiae aperiam natus maiores consectetur. Et sed vero excepturi illo minus ut expedita.', 4, '2019-08-27 08:48:51', '2019-08-27 08:48:51'),
(264, 45, 'Ezequiel Schimmel', 'Id ut molestiae distinctio consectetur fugit hic temporibus. Illum quia qui nisi assumenda ut. Assumenda iste eos magnam ea et.', 3, '2019-08-27 08:48:51', '2019-08-27 08:48:51'),
(265, 46, 'Eula Bahringer', 'Quo impedit quae corrupti cupiditate. Qui aut optio deleniti dolores voluptatem facilis doloribus. Quam culpa optio eos odit. Aut omnis ad expedita est cupiditate.', 1, '2019-08-27 08:48:51', '2019-08-27 08:48:51'),
(266, 45, 'Makenzie Moore', 'Quis laborum magnam ut illo aut repellat labore. Facilis amet eveniet rerum. Non iure illum vitae ullam et voluptas numquam. Nobis voluptatem debitis illum non quia fugiat.', 2, '2019-08-27 08:48:51', '2019-08-27 08:48:51'),
(267, 29, 'Roderick Berge', 'Eos esse quis laboriosam. Et qui non eveniet veritatis rem voluptates aut. Nihil atque tempore quod iste sit molestias tenetur.', 1, '2019-08-27 08:48:51', '2019-08-27 08:48:51'),
(268, 10, 'Karson Schiller', 'Et tempore consectetur est omnis. Id sint dolores doloremque sed et officia. Dolor voluptatum ipsam deleniti officia vero.', 1, '2019-08-27 08:48:51', '2019-08-27 08:48:51'),
(269, 18, 'Annabell Grady', 'Dignissimos nemo quam aliquid qui dolor qui laborum id. Eius optio debitis iste vitae modi. Voluptatem iste delectus excepturi adipisci eos.', 3, '2019-08-27 08:48:51', '2019-08-27 08:48:51'),
(270, 32, 'Madge Block', 'Aut in laboriosam ipsa aut quo corrupti. Aut aut mollitia sit. Odit placeat quo cum perspiciatis ut. Illo ipsa maxime et possimus itaque ipsa ratione neque.', 1, '2019-08-27 08:48:51', '2019-08-27 08:48:51'),
(271, 13, 'Sigrid Schiller', 'Nostrum aut quia quia quidem vitae itaque. Ipsam earum corrupti consequatur asperiores qui nemo. Velit aspernatur voluptatibus nesciunt occaecati. Ex nemo voluptatem minima et consequatur ullam. Qui perferendis dolorem dignissimos.', 1, '2019-08-27 08:48:51', '2019-08-27 08:48:51'),
(272, 37, 'Prof. Darron Streich', 'Excepturi consequatur et eveniet. Ut enim odit corrupti inventore ex quia. Facilis nostrum molestiae at laudantium temporibus accusantium voluptatem cum.', 4, '2019-08-27 08:48:51', '2019-08-27 08:48:51'),
(273, 2, 'Ms. Mariane Rutherford', 'Vel magni reiciendis distinctio omnis harum odit quia ratione. Atque tenetur voluptas quia eos. Rem in quisquam maxime quam. Incidunt laboriosam et dignissimos pariatur dolorem. Quisquam aliquid rerum quo.', 2, '2019-08-27 08:48:51', '2019-08-27 08:48:51'),
(274, 36, 'Freddie Goodwin II', 'Aperiam eos id eius ratione ipsam enim. Aut doloribus iste praesentium optio sit. Commodi qui unde voluptate sint fuga molestiae minus.', 4, '2019-08-27 08:48:51', '2019-08-27 08:48:51'),
(275, 31, 'Brooke Erdman', 'Et cumque hic sint rerum. Dignissimos mollitia dolores eum optio. Aperiam nemo nisi tempore corporis debitis incidunt.', 5, '2019-08-27 08:48:51', '2019-08-27 08:48:51'),
(276, 14, 'Rebecca McGlynn', 'Eum vel laudantium aut fuga aspernatur optio totam pariatur. Voluptas maxime nisi tempore. Ut neque id voluptatem dolorem. Corrupti quis ducimus tempora. Harum laboriosam minus voluptas aspernatur ullam.', 5, '2019-08-27 08:48:51', '2019-08-27 08:48:51'),
(277, 50, 'Gonzalo Daugherty', 'Cum deserunt veniam repellendus incidunt tempore. Et vero commodi itaque ipsa velit eum. Consequuntur qui fugit quod omnis ab. Necessitatibus voluptate quisquam nulla laborum qui.', 2, '2019-08-27 08:48:51', '2019-08-27 08:48:51'),
(278, 14, 'Ms. Zoey Gusikowski', 'Repellendus asperiores earum quia voluptatibus. Est quasi quidem odio.', 1, '2019-08-27 08:48:51', '2019-08-27 08:48:51'),
(279, 28, 'Miss Carissa Wuckert', 'Consequatur assumenda iste omnis veritatis. Libero possimus temporibus voluptatem vitae non. Sit earum debitis necessitatibus alias. Fugit aut explicabo possimus.', 3, '2019-08-27 08:48:51', '2019-08-27 08:48:51'),
(280, 26, 'Daisy Reichel', 'Tempore quis ullam facilis odit fuga. Et possimus ea exercitationem et dolor odit. Omnis corrupti tenetur iure ad illo qui corporis.', 1, '2019-08-27 08:48:51', '2019-08-27 08:48:51'),
(281, 39, 'Dallin Reynolds', 'Veritatis possimus quia eius quod. Sequi voluptatum facere eos pariatur quia sequi. Soluta qui nemo ipsa sapiente.', 1, '2019-08-27 08:48:51', '2019-08-27 08:48:51'),
(282, 33, 'Dee Durgan', 'Natus nihil architecto dolor alias nemo mollitia. Enim temporibus nesciunt officiis. Excepturi inventore ut qui ducimus tempore. Excepturi quae quia velit aperiam itaque.', 3, '2019-08-27 08:48:51', '2019-08-27 08:48:51'),
(283, 16, 'Kristoffer Fadel', 'Consectetur qui reprehenderit aliquam et sint. At odio voluptas voluptas illum dolor deleniti voluptatem. Fuga sequi eum dolorem dolores quo suscipit.', 1, '2019-08-27 08:48:51', '2019-08-27 08:48:51'),
(284, 39, 'Maudie Howe', 'Voluptatem voluptatem voluptatem vel eius. Repellat ratione qui qui quas et maxime eligendi quis. Esse praesentium et non totam eius.', 5, '2019-08-27 08:48:51', '2019-08-27 08:48:51'),
(285, 12, 'Scotty Shanahan', 'Consectetur molestiae quia nihil qui. Quia eius sint eaque et quibusdam eos. Non quaerat sunt quasi veniam.', 5, '2019-08-27 08:48:51', '2019-08-27 08:48:51'),
(286, 3, 'Mr. Jayden Wunsch MD', 'Est id delectus provident cum maiores est. Assumenda deserunt occaecati minima at et commodi repudiandae.', 1, '2019-08-27 08:48:51', '2019-08-27 08:48:51'),
(287, 22, 'Amy Weimann', 'Consequatur officia quae quaerat qui labore similique impedit. Sit sequi et libero omnis sunt velit ut. Magni sit aspernatur quisquam sit et cupiditate sunt. Inventore optio numquam ut et fuga ut.', 5, '2019-08-27 08:48:51', '2019-08-27 08:48:51'),
(288, 7, 'Priscilla Predovic', 'Pariatur commodi culpa aut excepturi. Officiis iusto et quis reiciendis dolorem voluptatem iure.', 3, '2019-08-27 08:48:51', '2019-08-27 08:48:51'),
(289, 34, 'Josh Pouros Sr.', 'Officia animi odit cum consequatur rerum dolor sunt. Similique necessitatibus suscipit incidunt optio quibusdam. Voluptatem praesentium explicabo cum dolores dignissimos. Reprehenderit illum ea inventore ipsa dolore. Sapiente dolores veritatis veniam quis rerum voluptate quidem.', 5, '2019-08-27 08:48:51', '2019-08-27 08:48:51'),
(290, 11, 'Dariana Predovic', 'Iure exercitationem fugiat quae. Veritatis saepe rerum sequi illum animi nam quia. Ipsum enim labore soluta et minus quae aliquid.', 1, '2019-08-27 08:48:51', '2019-08-27 08:48:51'),
(291, 14, 'Stephon Feeney PhD', 'Modi rem magni laborum quia tenetur maiores reprehenderit. Repudiandae qui aperiam aut earum non. Et similique commodi voluptatem architecto deserunt facilis vel.', 2, '2019-08-27 08:48:51', '2019-08-27 08:48:51'),
(292, 16, 'Malinda Klocko', 'Et quis qui est temporibus. Consequatur dolorem officiis ipsum velit numquam. Autem aut dolorem eius velit. Nihil rem repellat nemo sit consequatur itaque nemo veniam.', 2, '2019-08-27 08:48:51', '2019-08-27 08:48:51'),
(293, 49, 'Ada Witting', 'Consequuntur sunt voluptatem corporis labore natus et. Ducimus voluptatem repellat quasi autem sit.', 1, '2019-08-27 08:48:51', '2019-08-27 08:48:51'),
(294, 44, 'Ms. Tiara Zieme II', 'Nisi id quisquam dignissimos temporibus qui est et. Magni saepe aut fuga soluta quidem. Iusto dolores rem temporibus et.', 4, '2019-08-27 08:48:51', '2019-08-27 08:48:51'),
(295, 32, 'Mr. Adolfo Weissnat', 'Iusto exercitationem dicta quasi atque ipsum. Aperiam dolorum tempora ex sunt. Aliquam est qui maxime dolor exercitationem assumenda.', 2, '2019-08-27 08:48:51', '2019-08-27 08:48:51'),
(296, 29, 'Eudora Hodkiewicz', 'Ad autem nisi veniam iste corrupti enim. Nesciunt amet quis libero in. Illo eum aut dolorem id. Voluptatibus dolorem dolore maiores omnis tempore.', 5, '2019-08-27 08:48:51', '2019-08-27 08:48:51'),
(297, 33, 'Holly Langworth V', 'Hic eum odio reiciendis voluptatem hic saepe. Excepturi officiis et ipsa et dolor. Vitae architecto dolores iure dignissimos ut nulla aut. Magni quia ut velit harum amet ipsa.', 1, '2019-08-27 08:48:51', '2019-08-27 08:48:51'),
(298, 36, 'Christine Marvin', 'Animi alias quod dolore voluptas impedit. Non fugiat similique unde non alias quasi praesentium. Non sapiente totam aut.', 1, '2019-08-27 08:48:51', '2019-08-27 08:48:51'),
(299, 1, 'Julianne Hackett', 'Tempore sunt dolorem quis voluptatum quia in. Facilis inventore praesentium vero veniam. Corrupti nobis quis assumenda commodi.', 2, '2019-08-27 08:48:51', '2019-08-27 08:48:51'),
(300, 28, 'Camryn Johnston', 'Cupiditate vero non laboriosam alias itaque esse quis. Voluptatum natus molestiae quam perspiciatis qui laboriosam sit alias. Rerum quidem doloribus assumenda. Qui ex officiis cum in sequi.', 4, '2019-08-27 08:48:51', '2019-08-27 08:48:51');

-- --------------------------------------------------------

--
-- Table structure for table `users`
--

DROP TABLE IF EXISTS `users`;
CREATE TABLE IF NOT EXISTS `users` (
  `id` bigint(20) UNSIGNED NOT NULL AUTO_INCREMENT,
  `name` varchar(255) COLLATE utf8mb4_unicode_ci NOT NULL,
  `email` varchar(255) COLLATE utf8mb4_unicode_ci NOT NULL,
  `email_verified_at` timestamp NULL DEFAULT NULL,
  `password` varchar(255) COLLATE utf8mb4_unicode_ci NOT NULL,
  `remember_token` varchar(100) COLLATE utf8mb4_unicode_ci DEFAULT NULL,
  `created_at` timestamp NULL DEFAULT NULL,
  `updated_at` timestamp NULL DEFAULT NULL,
  PRIMARY KEY (`id`),
  UNIQUE KEY `users_email_unique` (`email`)
) ENGINE=InnoDB DEFAULT CHARSET=utf8mb4 COLLATE=utf8mb4_unicode_ci;

--
-- Constraints for dumped tables
--

--
-- Constraints for table `reviews`
--
ALTER TABLE `reviews`
  ADD CONSTRAINT `reviews_product_id_foreign` FOREIGN KEY (`product_id`) REFERENCES `products` (`id`) ON DELETE CASCADE;
COMMIT;

/*!40101 SET CHARACTER_SET_CLIENT=@OLD_CHARACTER_SET_CLIENT */;
/*!40101 SET CHARACTER_SET_RESULTS=@OLD_CHARACTER_SET_RESULTS */;
/*!40101 SET COLLATION_CONNECTION=@OLD_COLLATION_CONNECTION */;
